date,total_count,lineage_count,lineage,prevalence,prevalence_rolling,State
2021-01-29,1,1,am.4,1,1,Prince Edward Island
2021-01-30,0,0,am.4,0,1,Prince Edward Island
2021-01-31,0,0,am.4,0,1,Prince Edward Island
2021-02-01,0,0,am.4,0,1,Prince Edward Island
2021-02-02,0,0,am.4,0,1,Prince Edward Island
2021-02-03,0,0,am.4,0,1,Prince Edward Island
2021-02-04,0,0,am.4,0,1,Prince Edward Island
2021-02-05,0,0,am.4,0,0,Prince Edward Island
2021-02-06,0,0,am.4,0,0,Prince Edward Island
2021-02-07,0,0,am.4,0,0,Prince Edward Island
2021-02-08,0,0,am.4,0,0,Prince Edward Island
2021-02-09,0,0,am.4,0,0,Prince Edward Island
2021-02-10,0,0,am.4,0,0,Prince Edward Island
2021-02-11,0,0,am.4,0,0,Prince Edward Island
2021-02-12,0,0,am.4,0,0,Prince Edward Island
2021-02-13,0,0,am.4,0,0,Prince Edward Island
2021-02-14,0,0,am.4,0,0,Prince Edward Island
2021-02-15,0,0,am.4,0,0,Prince Edward Island
2021-02-16,0,0,am.4,0,0,Prince Edward Island
2021-02-17,0,0,am.4,0,0,Prince Edward Island
2021-02-18,0,0,am.4,0,0,Prince Edward Island
2021-02-19,0,0,am.4,0,0,Prince Edward Island
2021-02-20,0,0,am.4,0,0,Prince Edward Island
2021-02-21,0,0,am.4,0,0,Prince Edward Island
2021-02-22,0,0,am.4,0,0,Prince Edward Island
2021-02-23,0,0,am.4,0,0,Prince Edward Island
2021-02-24,2,1,am.4,0.5,0.125,Prince Edward Island
2021-02-25,2,2,am.4,1,0.391304347826087,Prince Edward Island
2021-02-26,6,6,am.4,1,0.72,Prince Edward Island
2021-02-27,6,5,am.4,0.833333333333333,0.769230769230769,Prince Edward Island
2021-02-28,2,2,am.4,1,0.82051282051282,Prince Edward Island
2021-03-01,0,0,am.4,0,0.842105263157895,Prince Edward Island
2021-03-02,1,1,am.4,1,0.894736842105263,Prince Edward Island
2021-03-03,1,1,am.4,1,0.944444444444444,Prince Edward Island
2021-03-04,0,0,am.4,0,0.9375,Prince Edward Island
2021-03-05,0,0,am.4,0,0.9,Prince Edward Island
2021-03-06,2,2,am.4,1,1,Prince Edward Island
2021-03-07,1,1,am.4,1,1,Prince Edward Island
2021-11-23,5,1,ay.100,0.2,0.205882352941176,Prince Edward Island
2021-11-10,3,1,ay.103,0.333333333333333,0.7,Prince Edward Island
2021-11-11,0,0,ay.103,0,0.636363636363636,Prince Edward Island
2021-11-12,0,0,ay.103,0,0.538461538461538,Prince Edward Island
2021-11-13,0,0,ay.103,0,0.368421052631579,Prince Edward Island
2021-11-14,0,0,ay.103,0,0.12280701754386,Prince Edward Island
2021-11-15,0,0,ay.103,0,0.152173913043478,Prince Edward Island
2021-11-16,0,0,ay.103,0,0.1875,Prince Edward Island
2021-11-17,0,0,ay.103,0,0,Prince Edward Island
2021-11-18,0,0,ay.103,0,0,Prince Edward Island
2021-11-19,0,0,ay.103,0,0,Prince Edward Island
2021-11-20,0,0,ay.103,0,0,Prince Edward Island
2021-11-21,0,0,ay.103,0,0,Prince Edward Island
2021-11-22,0,0,ay.103,0,0,Prince Edward Island
2021-11-23,0,0,ay.103,0,0,Prince Edward Island
2021-11-24,0,0,ay.103,0,0,Prince Edward Island
2021-11-25,0,0,ay.103,0,0,Prince Edward Island
2021-11-26,2,1,ay.103,0.5,0.0434782608695652,Prince Edward Island
2021-11-27,0,0,ay.103,0,0.0416666666666667,Prince Edward Island
2021-11-28,0,0,ay.103,0,0.0454545454545455,Prince Edward Island
2021-11-29,0,0,ay.103,0,0.0714285714285714,Prince Edward Island
2021-11-30,3,1,ay.103,0.333333333333333,0.105263157894737,Prince Edward Island
2021-12-01,0,0,ay.103,0,0.117647058823529,Prince Edward Island
2021-12-02,0,0,ay.103,0,0.25,Prince Edward Island
2021-12-03,0,0,ay.103,0,0.166666666666667,Prince Edward Island
2021-12-04,0,0,ay.103,0,0.2,Prince Edward Island
2021-12-05,0,0,ay.103,0,0.333333333333333,Prince Edward Island
2021-12-06,0,0,ay.103,0,0.333333333333333,Prince Edward Island
2021-12-07,0,0,ay.103,0,0,Prince Edward Island
2021-12-08,0,0,ay.103,0,0,Prince Edward Island
2021-12-09,0,0,ay.103,0,0,Prince Edward Island
2021-12-10,4,2,ay.103,0.5,0.0909090909090909,Prince Edward Island
2021-12-11,0,0,ay.103,0,0.0689655172413793,Prince Edward Island
2021-12-12,0,0,ay.103,0,0.069204152249135,Prince Edward Island
2021-12-13,1,1,ay.103,1,0.109756097560976,Prince Edward Island
2021-12-14,0,0,ay.103,0,0.0863309352517986,Prince Edward Island
2021-12-15,0,0,ay.103,0,0.0815217391304348,Prince Edward Island
2021-12-16,0,0,ay.103,0,0.0769230769230769,Prince Edward Island
2021-12-17,0,0,ay.103,0,0.0205479452054795,Prince Edward Island
2021-12-18,0,0,ay.103,0,0.0238095238095238,Prince Edward Island
2021-12-19,6,2,ay.103,0.333333333333333,0.0623268698060942,Prince Edward Island
2021-12-20,0,0,ay.103,0,0.042031523642732,Prince Edward Island
2021-12-21,9,1,ay.103,0.111111111111111,0.065597667638484,Prince Edward Island
2021-11-02,1,1,ay.119,1,0.777777777777778,Prince Edward Island
2021-11-03,0,0,ay.119,0,0.636363636363636,Prince Edward Island
2021-11-04,0,0,ay.119,0,0.538461538461538,Prince Edward Island
2021-11-05,0,0,ay.119,0,0.636363636363636,Prince Edward Island
2021-11-06,0,0,ay.119,0,0.583333333333333,Prince Edward Island
2021-11-07,4,4,ay.119,1,0.853658536585366,Prince Edward Island
2021-11-08,0,0,ay.119,0,1,Prince Edward Island
2021-11-09,2,1,ay.119,0.5,0.833333333333333,Prince Edward Island
2021-10-07,2,1,ay.122,0.5,0.875,Prince Edward Island
2021-10-08,0,0,ay.122,0,0.777777777777778,Prince Edward Island
2021-10-09,0,0,ay.122,0,0.538461538461538,Prince Edward Island
2021-10-10,0,0,ay.122,0,0.304347826086957,Prince Edward Island
2021-10-11,0,0,ay.122,0,0.259259259259259,Prince Edward Island
2021-10-12,0,0,ay.122,0,0.225806451612903,Prince Edward Island
2021-10-13,0,0,ay.122,0,0.2,Prince Edward Island
2021-10-14,0,0,ay.122,0,0,Prince Edward Island
2021-10-15,0,0,ay.122,0,0,Prince Edward Island
2021-10-16,0,0,ay.122,0,0,Prince Edward Island
2021-10-17,0,0,ay.122,0,0,Prince Edward Island
2021-10-18,0,0,ay.122,0,0,Prince Edward Island
2021-10-19,0,0,ay.122,0,0,Prince Edward Island
2021-10-20,0,0,ay.122,0,0,Prince Edward Island
2021-10-21,0,0,ay.122,0,0,Prince Edward Island
2021-10-22,0,0,ay.122,0,0,Prince Edward Island
2021-10-23,0,0,ay.122,0,0,Prince Edward Island
2021-10-24,0,0,ay.122,0,0,Prince Edward Island
2021-10-25,0,0,ay.122,0,0,Prince Edward Island
2021-10-26,0,0,ay.122,0,0,Prince Edward Island
2021-10-27,0,0,ay.122,0,0,Prince Edward Island
2021-10-28,0,0,ay.122,0,0,Prince Edward Island
2021-10-29,2,1,ay.122,0.5,0.5,Prince Edward Island
2021-12-01,2,1,ay.127,0.5,0.411764705882353,Prince Edward Island
2021-09-17,9,1,ay.25,0.111111111111111,0.170731707317073,Prince Edward Island
2021-09-18,0,0,ay.25,0,0.101449275362319,Prince Edward Island
2021-09-19,0,0,ay.25,0,0.0769230769230769,Prince Edward Island
2021-09-20,0,0,ay.25,0,0.0630630630630631,Prince Edward Island
2021-09-21,2,1,ay.25,0.5,0.108527131782946,Prince Edward Island
2021-07-25,2,2,ay.25.1,1,1,Prince Edward Island
2021-07-26,0,0,ay.25.1,0,1,Prince Edward Island
2021-07-27,0,0,ay.25.1,0,1,Prince Edward Island
2021-07-28,0,0,ay.25.1,0,1,Prince Edward Island
2021-07-29,0,0,ay.25.1,0,1,Prince Edward Island
2021-07-30,0,0,ay.25.1,0,1,Prince Edward Island
2021-07-31,0,0,ay.25.1,0,1,Prince Edward Island
2021-08-01,0,0,ay.25.1,0,0,Prince Edward Island
2021-08-02,0,0,ay.25.1,0,0,Prince Edward Island
2021-08-03,0,0,ay.25.1,0,0,Prince Edward Island
2021-08-04,0,0,ay.25.1,0,0,Prince Edward Island
2021-08-05,0,0,ay.25.1,0,0,Prince Edward Island
2021-08-06,0,0,ay.25.1,0,0,Prince Edward Island
2021-08-07,0,0,ay.25.1,0,0,Prince Edward Island
2021-08-08,0,0,ay.25.1,0,0,Prince Edward Island
2021-08-09,0,0,ay.25.1,0,0,Prince Edward Island
2021-08-10,2,1,ay.25.1,0.5,0.25,Prince Edward Island
2021-08-11,0,0,ay.25.1,0,0.5,Prince Edward Island
2021-08-12,0,0,ay.25.1,0,0.5,Prince Edward Island
2021-08-13,0,0,ay.25.1,0,0.5,Prince Edward Island
2021-08-14,0,0,ay.25.1,0,0.5,Prince Edward Island
2021-08-15,0,0,ay.25.1,0,0.5,Prince Edward Island
2021-08-16,0,0,ay.25.1,0,0.5,Prince Edward Island
2021-08-17,0,0,ay.25.1,0,0,Prince Edward Island
2021-08-18,1,1,ay.25.1,1,1,Prince Edward Island
2021-08-19,0,0,ay.25.1,0,0.111111111111111,Prince Edward Island
2021-08-20,1,1,ay.25.1,1,0.666666666666667,Prince Edward Island
2021-08-21,0,0,ay.25.1,0,0.666666666666667,Prince Edward Island
2021-08-22,0,0,ay.25.1,0,0.666666666666667,Prince Edward Island
2021-08-23,0,0,ay.25.1,0,0.5,Prince Edward Island
2021-08-24,0,0,ay.25.1,0,0.5,Prince Edward Island
2021-08-25,0,0,ay.25.1,0,0.333333333333333,Prince Edward Island
2021-08-26,0,0,ay.25.1,0,0.0625,Prince Edward Island
2021-08-27,0,0,ay.25.1,0,0,Prince Edward Island
2021-08-28,0,0,ay.25.1,0,0,Prince Edward Island
2021-08-29,2,1,ay.25.1,0.5,0.111111111111111,Prince Edward Island
2021-08-30,0,0,ay.25.1,0,0.222222222222222,Prince Edward Island
2021-08-31,0,0,ay.25.1,0,0.3,Prince Edward Island
2021-09-01,0,0,ay.25.1,0,0.363636363636364,Prince Edward Island
2021-09-02,0,0,ay.25.1,0,0.416666666666667,Prince Edward Island
2021-09-03,0,0,ay.25.1,0,0.461538461538462,Prince Edward Island
2021-09-04,0,0,ay.25.1,0,0.5,Prince Edward Island
2021-09-05,0,0,ay.25.1,0,0,Prince Edward Island
2021-09-06,2,1,ay.25.1,0.5,0.125,Prince Edward Island
2021-09-07,1,1,ay.25.1,1,0.363636363636364,Prince Edward Island
2021-09-08,0,0,ay.25.1,0,0.461538461538462,Prince Edward Island
2021-09-09,0,0,ay.25.1,0,0.347826086956522,Prince Edward Island
2021-09-10,2,1,ay.25.1,0.5,0.223880597014925,Prince Edward Island
2021-09-11,6,4,ay.25.1,0.666666666666667,0.4375,Prince Edward Island
2021-09-12,4,3,ay.25.1,0.75,0.545454545454545,Prince Edward Island
2021-09-13,2,1,ay.25.1,0.5,0.563380281690141,Prince Edward Island
2021-09-14,4,4,ay.25.1,1,0.637254901960784,Prince Edward Island
2021-09-15,7,7,ay.25.1,1,0.736196319018405,Prince Edward Island
2021-09-16,5,3,ay.25.1,0.6,0.638888888888889,Prince Edward Island
2021-09-17,9,6,ay.25.1,0.666666666666667,0.682926829268293,Prince Edward Island
2021-09-18,3,3,ay.25.1,1,0.782608695652174,Prince Edward Island
2021-09-19,1,1,ay.25.1,1,0.824175824175824,Prince Edward Island
2021-09-20,0,0,ay.25.1,0,0.864864864864865,Prince Edward Island
2021-09-21,2,1,ay.25.1,0.5,0.813953488372093,Prince Edward Island
2021-09-22,0,0,ay.25.1,0,0.875,Prince Edward Island
2021-09-23,0,0,ay.25.1,0,0.846153846153846,Prince Edward Island
2021-09-24,0,0,ay.25.1,0,1,Prince Edward Island
2021-09-25,0,0,ay.25.1,0,1,Prince Edward Island
2021-09-26,0,0,ay.25.1,0,1,Prince Edward Island
2021-09-27,0,0,ay.25.1,0,1,Prince Edward Island
2021-09-28,0,0,ay.25.1,0,0,Prince Edward Island
2021-09-29,0,0,ay.25.1,0,0,Prince Edward Island
2021-09-30,0,0,ay.25.1,0,0,Prince Edward Island
2021-10-01,0,0,ay.25.1,0,0,Prince Edward Island
2021-10-02,0,0,ay.25.1,0,0,Prince Edward Island
2021-10-03,0,0,ay.25.1,0,0,Prince Edward Island
2021-10-04,0,0,ay.25.1,0,0,Prince Edward Island
2021-10-05,0,0,ay.25.1,0,0,Prince Edward Island
2021-10-06,0,0,ay.25.1,0,0,Prince Edward Island
2021-10-07,0,0,ay.25.1,0,0,Prince Edward Island
2021-10-08,0,0,ay.25.1,0,0,Prince Edward Island
2021-10-09,1,1,ay.25.1,1,0.230769230769231,Prince Edward Island
2021-10-10,2,2,ay.25.1,1,0.521739130434783,Prince Edward Island
2021-10-11,0,0,ay.25.1,0,0.555555555555556,Prince Edward Island
2021-10-12,0,0,ay.25.1,0,0.580645161290323,Prince Edward Island
2021-10-13,0,0,ay.25.1,0,0.6,Prince Edward Island
2021-10-14,0,0,ay.25.1,0,1,Prince Edward Island
2021-10-15,0,0,ay.25.1,0,1,Prince Edward Island
2021-10-16,0,0,ay.25.1,0,1,Prince Edward Island
2021-10-17,0,0,ay.25.1,0,0,Prince Edward Island
2021-10-18,0,0,ay.25.1,0,0,Prince Edward Island
2021-10-19,0,0,ay.25.1,0,0,Prince Edward Island
2021-10-20,0,0,ay.25.1,0,0,Prince Edward Island
2021-10-21,0,0,ay.25.1,0,0,Prince Edward Island
2021-10-22,0,0,ay.25.1,0,0,Prince Edward Island
2021-10-23,0,0,ay.25.1,0,0,Prince Edward Island
2021-10-24,0,0,ay.25.1,0,0,Prince Edward Island
2021-10-25,0,0,ay.25.1,0,0,Prince Edward Island
2021-10-26,0,0,ay.25.1,0,0,Prince Edward Island
2021-10-27,0,0,ay.25.1,0,0,Prince Edward Island
2021-10-28,0,0,ay.25.1,0,0,Prince Edward Island
2021-10-29,2,1,ay.25.1,0.5,0.5,Prince Edward Island
2021-10-30,0,0,ay.25.1,0,1,Prince Edward Island
2021-10-31,0,0,ay.25.1,0,1,Prince Edward Island
2021-11-01,1,1,ay.25.1,1,1,Prince Edward Island
2021-11-02,0,0,ay.25.1,0,0.222222222222222,Prince Edward Island
2021-11-03,0,0,ay.25.1,0,0.363636363636364,Prince Edward Island
2021-11-04,0,0,ay.25.1,0,0.461538461538462,Prince Edward Island
2021-11-05,0,0,ay.25.1,0,0.363636363636364,Prince Edward Island
2021-11-06,0,0,ay.25.1,0,0.416666666666667,Prince Edward Island
2021-11-07,0,0,ay.25.1,0,0.146341463414634,Prince Edward Island
2021-11-08,0,0,ay.25.1,0,0,Prince Edward Island
2021-11-09,2,1,ay.25.1,0.5,0.166666666666667,Prince Edward Island
2021-11-10,3,1,ay.25.1,0.333333333333333,0.2,Prince Edward Island
2021-11-11,0,0,ay.25.1,0,0.363636363636364,Prince Edward Island
2021-11-12,0,0,ay.25.1,0,0.461538461538462,Prince Edward Island
2021-11-13,1,1,ay.25.1,1,0.631578947368421,Prince Edward Island
2021-11-14,0,0,ay.25.1,0,0.263157894736842,Prince Edward Island
2021-11-15,0,0,ay.25.1,0,0.391304347826087,Prince Edward Island
2021-11-16,0,0,ay.25.1,0,0.375,Prince Edward Island
2021-11-17,6,6,ay.25.1,1,0.8,Prince Edward Island
2021-11-18,2,2,ay.25.1,1,0.865384615384615,Prince Edward Island
2021-11-19,4,3,ay.25.1,0.75,0.837209302325582,Prince Edward Island
2021-11-20,0,0,ay.25.1,0,0.611111111111111,Prince Edward Island
2021-11-21,4,4,ay.25.1,1,1,Prince Edward Island
2021-11-22,8,8,ay.25.1,1,1,Prince Edward Island
2021-11-23,5,4,ay.25.1,0.8,0.794117647058824,Prince Edward Island
2021-11-24,3,3,ay.25.1,1,1,Prince Edward Island
2021-11-25,2,2,ay.25.1,1,1,Prince Edward Island
2021-11-26,2,1,ay.25.1,0.5,0.956521739130435,Prince Edward Island
2021-11-27,1,1,ay.25.1,1,0.958333333333333,Prince Edward Island
2021-11-28,2,2,ay.25.1,1,0.954545454545455,Prince Edward Island
2021-11-29,0,0,ay.25.1,0,0.928571428571429,Prince Edward Island
2021-11-30,3,1,ay.25.1,0.333333333333333,0.526315789473684,Prince Edward Island
2021-12-01,2,1,ay.25.1,0.5,0.470588235294118,Prince Edward Island
2021-12-02,0,0,ay.25.1,0,0.75,Prince Edward Island
2021-12-03,0,0,ay.25.1,0,0.833333333333333,Prince Edward Island
2021-12-04,0,0,ay.25.1,0,0.8,Prince Edward Island
2021-12-05,0,0,ay.25.1,0,0.666666666666667,Prince Edward Island
2021-12-06,0,0,ay.25.1,0,0.666666666666667,Prince Edward Island
2021-12-07,0,0,ay.25.1,0,0.333333333333333,Prince Edward Island
2021-12-08,6,1,ay.25.1,0.166666666666667,0.05,Prince Edward Island
2021-12-09,6,2,ay.25.1,0.333333333333333,0.13953488372093,Prince Edward Island
2021-12-10,4,2,ay.25.1,0.5,0.227272727272727,Prince Edward Island
2021-12-11,0,0,ay.25.1,0,0.172413793103448,Prince Edward Island
2021-12-12,0,0,ay.25.1,0,0.173010380622837,Prince Edward Island
2021-12-13,0,0,ay.25.1,0,0.182926829268293,Prince Edward Island
2021-12-14,11,1,ay.25.1,0.0909090909090909,0.172661870503597,Prince Edward Island
2021-09-06,2,1,ay.27,0.5,0.875,Prince Edward Island
2021-09-07,0,0,ay.27,0,0.636363636363636,Prince Edward Island
2021-09-08,0,0,ay.27,0,0.538461538461538,Prince Edward Island
2021-09-09,0,0,ay.27,0,0.304347826086957,Prince Edward Island
2021-09-10,0,0,ay.27,0,0.104477611940299,Prince Edward Island
2021-09-11,6,2,ay.27,0.333333333333333,0.21875,Prince Edward Island
2021-09-12,0,0,ay.27,0,0.163636363636364,Prince Edward Island
2021-09-13,2,1,ay.27,0.5,0.169014084507042,Prince Edward Island
2021-09-14,0,0,ay.27,0,0.147058823529412,Prince Edward Island
2021-09-15,0,0,ay.27,0,0.110429447852761,Prince Edward Island
2021-09-16,0,0,ay.27,0,0.0833333333333333,Prince Edward Island
2021-09-17,0,0,ay.27,0,0.0731707317073171,Prince Edward Island
2021-09-18,0,0,ay.27,0,0.0289855072463768,Prince Edward Island
2021-09-19,0,0,ay.27,0,0.032967032967033,Prince Edward Island
2021-09-20,0,0,ay.27,0,0,Prince Edward Island
2021-09-21,0,0,ay.27,0,0,Prince Edward Island
2021-09-22,0,0,ay.27,0,0,Prince Edward Island
2021-09-23,0,0,ay.27,0,0,Prince Edward Island
2021-09-24,0,0,ay.27,0,0,Prince Edward Island
2021-09-25,0,0,ay.27,0,0,Prince Edward Island
2021-09-26,0,0,ay.27,0,0,Prince Edward Island
2021-09-27,0,0,ay.27,0,0,Prince Edward Island
2021-09-28,0,0,ay.27,0,0,Prince Edward Island
2021-09-29,0,0,ay.27,0,0,Prince Edward Island
2021-09-30,0,0,ay.27,0,0,Prince Edward Island
2021-10-01,0,0,ay.27,0,0,Prince Edward Island
2021-10-02,0,0,ay.27,0,0,Prince Edward Island
2021-10-03,0,0,ay.27,0,0,Prince Edward Island
2021-10-04,0,0,ay.27,0,0,Prince Edward Island
2021-10-05,0,0,ay.27,0,0,Prince Edward Island
2021-10-06,0,0,ay.27,0,0,Prince Edward Island
2021-10-07,2,1,ay.27,0.5,0.125,Prince Edward Island
2021-10-08,0,0,ay.27,0,0.222222222222222,Prince Edward Island
2021-10-09,0,0,ay.27,0,0.230769230769231,Prince Edward Island
2021-10-10,0,0,ay.27,0,0.173913043478261,Prince Edward Island
2021-10-11,0,0,ay.27,0,0.185185185185185,Prince Edward Island
2021-10-12,0,0,ay.27,0,0.193548387096774,Prince Edward Island
2021-10-13,0,0,ay.27,0,0.2,Prince Edward Island
2021-10-14,0,0,ay.27,0,0,Prince Edward Island
2021-10-15,0,0,ay.27,0,0,Prince Edward Island
2021-10-16,0,0,ay.27,0,0,Prince Edward Island
2021-10-17,0,0,ay.27,0,0,Prince Edward Island
2021-10-18,0,0,ay.27,0,0,Prince Edward Island
2021-10-19,0,0,ay.27,0,0,Prince Edward Island
2021-10-20,0,0,ay.27,0,0,Prince Edward Island
2021-10-21,0,0,ay.27,0,0,Prince Edward Island
2021-10-22,0,0,ay.27,0,0,Prince Edward Island
2021-10-23,0,0,ay.27,0,0,Prince Edward Island
2021-10-24,0,0,ay.27,0,0,Prince Edward Island
2021-10-25,0,0,ay.27,0,0,Prince Edward Island
2021-10-26,1,1,ay.27,1,1,Prince Edward Island
2021-08-06,1,1,ay.3,1,0.6,Prince Edward Island
2021-08-26,2,1,ay.33,0.5,0.4375,Prince Edward Island
2021-08-19,2,1,ay.36,0.5,0.777777777777778,Prince Edward Island
2021-11-30,3,1,ay.39,0.333333333333333,0.368421052631579,Prince Edward Island
2021-08-29,2,1,ay.4,0.5,0.777777777777778,Prince Edward Island
2021-08-30,0,0,ay.4,0,0.777777777777778,Prince Edward Island
2021-08-31,0,0,ay.4,0,0.7,Prince Edward Island
2021-09-01,0,0,ay.4,0,0.636363636363636,Prince Edward Island
2021-09-02,0,0,ay.4,0,0.583333333333333,Prince Edward Island
2021-09-03,0,0,ay.4,0,0.538461538461538,Prince Edward Island
2021-09-04,0,0,ay.4,0,0.5,Prince Edward Island
2021-09-05,0,0,ay.4,0,0,Prince Edward Island
2021-09-06,0,0,ay.4,0,0,Prince Edward Island
2021-09-07,0,0,ay.4,0,0,Prince Edward Island
2021-09-08,0,0,ay.4,0,0,Prince Edward Island
2021-09-09,2,2,ay.4,1,0.347826086956522,Prince Edward Island
2021-09-10,0,0,ay.4,0,0.149253731343284,Prince Edward Island
2021-09-11,0,0,ay.4,0,0.125,Prince Edward Island
2021-09-12,0,0,ay.4,0,0.109090909090909,Prince Edward Island
2021-09-13,0,0,ay.4,0,0.112676056338028,Prince Edward Island
2021-09-14,0,0,ay.4,0,0.0980392156862745,Prince Edward Island
2021-09-15,0,0,ay.4,0,0.0736196319018405,Prince Edward Island
2021-09-16,0,0,ay.4,0,0,Prince Edward Island
2021-09-17,0,0,ay.4,0,0,Prince Edward Island
2021-09-18,0,0,ay.4,0,0,Prince Edward Island
2021-09-19,0,0,ay.4,0,0,Prince Edward Island
2021-09-20,0,0,ay.4,0,0,Prince Edward Island
2021-09-21,0,0,ay.4,0,0,Prince Edward Island
2021-09-22,0,0,ay.4,0,0,Prince Edward Island
2021-09-23,0,0,ay.4,0,0,Prince Edward Island
2021-09-24,0,0,ay.4,0,0,Prince Edward Island
2021-09-25,0,0,ay.4,0,0,Prince Edward Island
2021-09-26,0,0,ay.4,0,0,Prince Edward Island
2021-09-27,0,0,ay.4,0,0,Prince Edward Island
2021-09-28,0,0,ay.4,0,0,Prince Edward Island
2021-09-29,0,0,ay.4,0,0,Prince Edward Island
2021-09-30,0,0,ay.4,0,0,Prince Edward Island
2021-10-01,0,0,ay.4,0,0,Prince Edward Island
2021-10-02,0,0,ay.4,0,0,Prince Edward Island
2021-10-03,0,0,ay.4,0,0,Prince Edward Island
2021-10-04,0,0,ay.4,0,0,Prince Edward Island
2021-10-05,0,0,ay.4,0,0,Prince Edward Island
2021-10-06,0,0,ay.4,0,0,Prince Edward Island
2021-10-07,0,0,ay.4,0,0,Prince Edward Island
2021-10-08,0,0,ay.4,0,0,Prince Edward Island
2021-10-09,0,0,ay.4,0,0,Prince Edward Island
2021-10-10,0,0,ay.4,0,0,Prince Edward Island
2021-10-11,0,0,ay.4,0,0,Prince Edward Island
2021-10-12,0,0,ay.4,0,0,Prince Edward Island
2021-10-13,0,0,ay.4,0,0,Prince Edward Island
2021-10-14,0,0,ay.4,0,0,Prince Edward Island
2021-10-15,0,0,ay.4,0,0,Prince Edward Island
2021-10-16,0,0,ay.4,0,0,Prince Edward Island
2021-10-17,0,0,ay.4,0,0,Prince Edward Island
2021-10-18,0,0,ay.4,0,0,Prince Edward Island
2021-10-19,0,0,ay.4,0,0,Prince Edward Island
2021-10-20,0,0,ay.4,0,0,Prince Edward Island
2021-10-21,0,0,ay.4,0,0,Prince Edward Island
2021-10-22,0,0,ay.4,0,0,Prince Edward Island
2021-10-23,0,0,ay.4,0,0,Prince Edward Island
2021-10-24,0,0,ay.4,0,0,Prince Edward Island
2021-10-25,0,0,ay.4,0,0,Prince Edward Island
2021-10-26,0,0,ay.4,0,0,Prince Edward Island
2021-10-27,1,1,ay.4,1,1,Prince Edward Island
2021-10-28,1,1,ay.4,1,1,Prince Edward Island
2021-11-20,1,1,ay.4.13,1,0.388888888888889,Prince Edward Island
2021-11-14,1,1,ay.43,1,0.614035087719298,Prince Edward Island
2021-11-15,0,0,ay.43,0,0.456521739130435,Prince Edward Island
2021-11-16,0,0,ay.43,0,0.4375,Prince Edward Island
2021-11-17,0,0,ay.43,0,0.2,Prince Edward Island
2021-11-18,0,0,ay.43,0,0.134615384615385,Prince Edward Island
2021-11-19,4,1,ay.43,0.25,0.162790697674419,Prince Edward Island
2021-12-08,6,1,ay.43.8,0.166666666666667,0.35,Prince Edward Island
2021-12-09,0,0,ay.43.8,0,0.162790697674419,Prince Edward Island
2021-12-10,0,0,ay.43.8,0,0.106060606060606,Prince Edward Island
2021-12-11,0,0,ay.43.8,0,0.0603448275862069,Prince Edward Island
2021-12-12,0,0,ay.43.8,0,0.0484429065743945,Prince Edward Island
2021-12-13,0,0,ay.43.8,0,0.0426829268292683,Prince Edward Island
2021-12-14,11,1,ay.43.8,0.0909090909090909,0.0575539568345324,Prince Edward Island
2021-09-10,2,1,ay.44,0.5,0.522388059701493,Prince Edward Island
2021-09-11,0,0,ay.44,0,0.21875,Prince Edward Island
2021-09-12,0,0,ay.44,0,0.127272727272727,Prince Edward Island
2021-09-13,0,0,ay.44,0,0.0985915492957747,Prince Edward Island
2021-09-14,0,0,ay.44,0,0.0686274509803922,Prince Edward Island
2021-09-15,0,0,ay.44,0,0.0429447852760736,Prince Edward Island
2021-09-16,0,0,ay.44,0,0.0277777777777778,Prince Edward Island
2021-09-17,9,2,ay.44,0.222222222222222,0.0487804878048781,Prince Edward Island
2021-09-18,0,0,ay.44,0,0.0579710144927536,Prince Edward Island
2021-09-19,0,0,ay.44,0,0.0659340659340659,Prince Edward Island
2021-09-20,0,0,ay.44,0,0.0720720720720721,Prince Edward Island
2021-09-21,0,0,ay.44,0,0.0775193798449612,Prince Edward Island
2021-09-22,0,0,ay.44,0,0.125,Prince Edward Island
2021-09-23,0,0,ay.44,0,0.153846153846154,Prince Edward Island
2021-09-24,0,0,ay.44,0,0,Prince Edward Island
2021-09-25,0,0,ay.44,0,0,Prince Edward Island
2021-09-26,0,0,ay.44,0,0,Prince Edward Island
2021-09-27,0,0,ay.44,0,0,Prince Edward Island
2021-09-28,0,0,ay.44,0,0,Prince Edward Island
2021-09-29,0,0,ay.44,0,0,Prince Edward Island
2021-09-30,0,0,ay.44,0,0,Prince Edward Island
2021-10-01,0,0,ay.44,0,0,Prince Edward Island
2021-10-02,0,0,ay.44,0,0,Prince Edward Island
2021-10-03,0,0,ay.44,0,0,Prince Edward Island
2021-10-04,0,0,ay.44,0,0,Prince Edward Island
2021-10-05,0,0,ay.44,0,0,Prince Edward Island
2021-10-06,0,0,ay.44,0,0,Prince Edward Island
2021-10-07,0,0,ay.44,0,0,Prince Edward Island
2021-10-08,0,0,ay.44,0,0,Prince Edward Island
2021-10-09,0,0,ay.44,0,0,Prince Edward Island
2021-10-10,0,0,ay.44,0,0,Prince Edward Island
2021-10-11,0,0,ay.44,0,0,Prince Edward Island
2021-10-12,0,0,ay.44,0,0,Prince Edward Island
2021-10-13,0,0,ay.44,0,0,Prince Edward Island
2021-10-14,0,0,ay.44,0,0,Prince Edward Island
2021-10-15,0,0,ay.44,0,0,Prince Edward Island
2021-10-16,0,0,ay.44,0,0,Prince Edward Island
2021-10-17,0,0,ay.44,0,0,Prince Edward Island
2021-10-18,0,0,ay.44,0,0,Prince Edward Island
2021-10-19,0,0,ay.44,0,0,Prince Edward Island
2021-10-20,0,0,ay.44,0,0,Prince Edward Island
2021-10-21,0,0,ay.44,0,0,Prince Edward Island
2021-10-22,0,0,ay.44,0,0,Prince Edward Island
2021-10-23,0,0,ay.44,0,0,Prince Edward Island
2021-10-24,0,0,ay.44,0,0,Prince Edward Island
2021-10-25,0,0,ay.44,0,0,Prince Edward Island
2021-10-26,0,0,ay.44,0,0,Prince Edward Island
2021-10-27,0,0,ay.44,0,0,Prince Edward Island
2021-10-28,0,0,ay.44,0,0,Prince Edward Island
2021-10-29,0,0,ay.44,0,0,Prince Edward Island
2021-10-30,0,0,ay.44,0,0,Prince Edward Island
2021-10-31,0,0,ay.44,0,0,Prince Edward Island
2021-11-01,0,0,ay.44,0,0,Prince Edward Island
2021-11-02,0,0,ay.44,0,0,Prince Edward Island
2021-11-03,0,0,ay.44,0,0,Prince Edward Island
2021-11-04,0,0,ay.44,0,0,Prince Edward Island
2021-11-05,0,0,ay.44,0,0,Prince Edward Island
2021-11-06,0,0,ay.44,0,0,Prince Edward Island
2021-11-07,0,0,ay.44,0,0,Prince Edward Island
2021-11-08,0,0,ay.44,0,0,Prince Edward Island
2021-11-09,0,0,ay.44,0,0,Prince Edward Island
2021-11-10,0,0,ay.44,0,0,Prince Edward Island
2021-11-11,0,0,ay.44,0,0,Prince Edward Island
2021-11-12,0,0,ay.44,0,0,Prince Edward Island
2021-11-13,0,0,ay.44,0,0,Prince Edward Island
2021-11-14,0,0,ay.44,0,0,Prince Edward Island
2021-11-15,0,0,ay.44,0,0,Prince Edward Island
2021-11-16,0,0,ay.44,0,0,Prince Edward Island
2021-11-17,0,0,ay.44,0,0,Prince Edward Island
2021-11-18,0,0,ay.44,0,0,Prince Edward Island
2021-11-19,0,0,ay.44,0,0,Prince Edward Island
2021-11-20,0,0,ay.44,0,0,Prince Edward Island
2021-11-21,0,0,ay.44,0,0,Prince Edward Island
2021-11-22,0,0,ay.44,0,0,Prince Edward Island
2021-11-23,0,0,ay.44,0,0,Prince Edward Island
2021-11-24,0,0,ay.44,0,0,Prince Edward Island
2021-11-25,0,0,ay.44,0,0,Prince Edward Island
2021-11-26,0,0,ay.44,0,0,Prince Edward Island
2021-11-27,0,0,ay.44,0,0,Prince Edward Island
2021-11-28,0,0,ay.44,0,0,Prince Edward Island
2021-11-29,0,0,ay.44,0,0,Prince Edward Island
2021-11-30,0,0,ay.44,0,0,Prince Edward Island
2021-12-01,0,0,ay.44,0,0,Prince Edward Island
2021-12-02,0,0,ay.44,0,0,Prince Edward Island
2021-12-03,0,0,ay.44,0,0,Prince Edward Island
2021-12-04,0,0,ay.44,0,0,Prince Edward Island
2021-12-05,0,0,ay.44,0,0,Prince Edward Island
2021-12-06,0,0,ay.44,0,0,Prince Edward Island
2021-12-07,2,2,ay.44,1,0.666666666666667,Prince Edward Island
2021-12-08,6,3,ay.44,0.5,0.25,Prince Edward Island
2021-12-09,6,3,ay.44,0.5,0.372093023255814,Prince Edward Island
2021-12-10,0,0,ay.44,0,0.363636363636364,Prince Edward Island
2021-12-11,0,0,ay.44,0,0.275862068965517,Prince Edward Island
2021-12-12,4,2,ay.44,0.5,0.346020761245675,Prince Edward Island
2021-12-13,0,0,ay.44,0,0.365853658536585,Prince Edward Island
2021-12-14,11,1,ay.44,0.0909090909090909,0.258992805755396,Prince Edward Island
2021-12-15,0,0,ay.44,0,0.16304347826087,Prince Edward Island
2021-12-16,0,0,ay.44,0,0.0769230769230769,Prince Edward Island
2021-12-17,0,0,ay.44,0,0.0616438356164384,Prince Edward Island
2021-12-18,0,0,ay.44,0,0.0714285714285714,Prince Edward Island
2021-12-19,0,0,ay.44,0,0.0207756232686981,Prince Edward Island
2021-12-20,0,0,ay.44,0,0.021015761821366,Prince Edward Island
2021-12-21,9,1,ay.44,0.111111111111111,0.021865889212828,Prince Edward Island
2021-08-04,2,2,ay.74,1,1,Prince Edward Island
2021-08-05,0,0,ay.74,0,1,Prince Edward Island
2021-08-06,0,0,ay.74,0,0.4,Prince Edward Island
2021-08-07,0,0,ay.74,0,1,Prince Edward Island
2021-08-08,0,0,ay.74,0,1,Prince Edward Island
2021-08-09,0,0,ay.74,0,1,Prince Edward Island
2021-08-10,2,1,ay.74,0.5,0.75,Prince Edward Island
2021-08-11,0,0,ay.74,0,0.5,Prince Edward Island
2021-08-12,0,0,ay.74,0,0.5,Prince Edward Island
2021-08-13,0,0,ay.74,0,0.5,Prince Edward Island
2021-08-14,0,0,ay.74,0,0.5,Prince Edward Island
2021-08-15,0,0,ay.74,0,0.5,Prince Edward Island
2021-08-16,0,0,ay.74,0,0.5,Prince Edward Island
2021-08-17,0,0,ay.74,0,0,Prince Edward Island
2021-08-18,0,0,ay.74,0,0,Prince Edward Island
2021-08-19,0,0,ay.74,0,0,Prince Edward Island
2021-08-20,0,0,ay.74,0,0,Prince Edward Island
2021-08-21,0,0,ay.74,0,0,Prince Edward Island
2021-08-22,0,0,ay.74,0,0,Prince Edward Island
2021-08-23,0,0,ay.74,0,0,Prince Edward Island
2021-08-24,0,0,ay.74,0,0,Prince Edward Island
2021-08-25,0,0,ay.74,0,0,Prince Edward Island
2021-08-26,0,0,ay.74,0,0,Prince Edward Island
2021-08-27,0,0,ay.74,0,0,Prince Edward Island
2021-08-28,0,0,ay.74,0,0,Prince Edward Island
2021-08-29,0,0,ay.74,0,0,Prince Edward Island
2021-08-30,0,0,ay.74,0,0,Prince Edward Island
2021-08-31,0,0,ay.74,0,0,Prince Edward Island
2021-09-01,0,0,ay.74,0,0,Prince Edward Island
2021-09-02,0,0,ay.74,0,0,Prince Edward Island
2021-09-03,0,0,ay.74,0,0,Prince Edward Island
2021-09-04,0,0,ay.74,0,0,Prince Edward Island
2021-09-05,0,0,ay.74,0,0,Prince Edward Island
2021-09-06,0,0,ay.74,0,0,Prince Edward Island
2021-09-07,0,0,ay.74,0,0,Prince Edward Island
2021-09-08,0,0,ay.74,0,0,Prince Edward Island
2021-09-09,0,0,ay.74,0,0,Prince Edward Island
2021-09-10,0,0,ay.74,0,0,Prince Edward Island
2021-09-11,0,0,ay.74,0,0,Prince Edward Island
2021-09-12,0,0,ay.74,0,0,Prince Edward Island
2021-09-13,0,0,ay.74,0,0,Prince Edward Island
2021-09-14,0,0,ay.74,0,0,Prince Edward Island
2021-09-15,0,0,ay.74,0,0,Prince Edward Island
2021-09-16,5,1,ay.74,0.2,0.0277777777777778,Prince Edward Island
2021-09-16,5,1,ay.93,0.2,0.194444444444444,Prince Edward Island
2020-11-24,1,1,b.1.1.157,1,1,Prince Edward Island
2021-01-13,1,1,b.1.1.222,1,0.875,Prince Edward Island
2021-04-27,1,1,b.1.1.519,1,0.666666666666667,Prince Edward Island
2021-02-23,1,1,b.1.1.7,1,0.875,Prince Edward Island
2021-02-24,2,1,b.1.1.7,0.5,0.875,Prince Edward Island
2021-02-25,0,0,b.1.1.7,0,0.608695652173913,Prince Edward Island
2021-02-26,0,0,b.1.1.7,0,0.28,Prince Edward Island
2021-02-27,6,1,b.1.1.7,0.166666666666667,0.230769230769231,Prince Edward Island
2021-02-28,0,0,b.1.1.7,0,0.17948717948718,Prince Edward Island
2021-03-01,0,0,b.1.1.7,0,0.157894736842105,Prince Edward Island
2021-03-02,0,0,b.1.1.7,0,0.105263157894737,Prince Edward Island
2021-03-03,0,0,b.1.1.7,0,0.0555555555555556,Prince Edward Island
2021-03-04,0,0,b.1.1.7,0,0.0625,Prince Edward Island
2021-03-05,0,0,b.1.1.7,0,0.1,Prince Edward Island
2021-03-06,0,0,b.1.1.7,0,0,Prince Edward Island
2021-03-07,0,0,b.1.1.7,0,0,Prince Edward Island
2021-03-08,0,0,b.1.1.7,0,0,Prince Edward Island
2021-03-09,0,0,b.1.1.7,0,0,Prince Edward Island
2021-03-10,0,0,b.1.1.7,0,0,Prince Edward Island
2021-03-11,0,0,b.1.1.7,0,0,Prince Edward Island
2021-03-12,0,0,b.1.1.7,0,0,Prince Edward Island
2021-03-13,0,0,b.1.1.7,0,0,Prince Edward Island
2021-03-14,0,0,b.1.1.7,0,0,Prince Edward Island
2021-03-15,0,0,b.1.1.7,0,0,Prince Edward Island
2021-03-16,0,0,b.1.1.7,0,0,Prince Edward Island
2021-03-17,0,0,b.1.1.7,0,0,Prince Edward Island
2021-03-18,0,0,b.1.1.7,0,0,Prince Edward Island
2021-03-19,0,0,b.1.1.7,0,0,Prince Edward Island
2021-03-20,0,0,b.1.1.7,0,0,Prince Edward Island
2021-03-21,0,0,b.1.1.7,0,0,Prince Edward Island
2021-03-22,0,0,b.1.1.7,0,0,Prince Edward Island
2021-03-23,0,0,b.1.1.7,0,0,Prince Edward Island
2021-03-24,0,0,b.1.1.7,0,0,Prince Edward Island
2021-03-25,2,2,b.1.1.7,1,0.666666666666667,Prince Edward Island
2021-03-26,0,0,b.1.1.7,0,0.666666666666667,Prince Edward Island
2021-03-27,0,0,b.1.1.7,0,0.666666666666667,Prince Edward Island
2021-03-28,0,0,b.1.1.7,0,0.666666666666667,Prince Edward Island
2021-03-29,0,0,b.1.1.7,0,0.5,Prince Edward Island
2021-03-30,0,0,b.1.1.7,0,1,Prince Edward Island
2021-03-31,0,0,b.1.1.7,0,1,Prince Edward Island
2021-04-01,0,0,b.1.1.7,0,0,Prince Edward Island
2021-04-02,0,0,b.1.1.7,0,0,Prince Edward Island
2021-04-03,0,0,b.1.1.7,0,0,Prince Edward Island
2021-04-04,0,0,b.1.1.7,0,0,Prince Edward Island
2021-04-05,0,0,b.1.1.7,0,0,Prince Edward Island
2021-04-06,0,0,b.1.1.7,0,0,Prince Edward Island
2021-04-07,1,1,b.1.1.7,1,1,Prince Edward Island
2021-04-08,1,1,b.1.1.7,1,1,Prince Edward Island
2021-04-09,1,1,b.1.1.7,1,1,Prince Edward Island
2021-04-10,2,2,b.1.1.7,1,1,Prince Edward Island
2021-04-11,1,1,b.1.1.7,1,1,Prince Edward Island
2021-04-12,0,0,b.1.1.7,0,1,Prince Edward Island
2021-04-13,0,0,b.1.1.7,0,1,Prince Edward Island
2021-04-14,0,0,b.1.1.7,0,1,Prince Edward Island
2021-04-15,1,1,b.1.1.7,1,1,Prince Edward Island
2021-04-16,0,0,b.1.1.7,0,1,Prince Edward Island
2021-04-17,0,0,b.1.1.7,0,1,Prince Edward Island
2021-04-18,1,1,b.1.1.7,1,1,Prince Edward Island
2021-04-19,0,0,b.1.1.7,0,1,Prince Edward Island
2021-04-20,1,1,b.1.1.7,1,1,Prince Edward Island
2021-04-21,0,0,b.1.1.7,0,1,Prince Edward Island
2021-04-22,0,0,b.1.1.7,0,1,Prince Edward Island
2021-04-23,0,0,b.1.1.7,0,1,Prince Edward Island
2021-04-24,0,0,b.1.1.7,0,0.222222222222222,Prince Edward Island
2021-04-25,0,0,b.1.1.7,0,0.125,Prince Edward Island
2021-04-26,0,0,b.1.1.7,0,0.176470588235294,Prince Edward Island
2021-04-27,0,0,b.1.1.7,0,0,Prince Edward Island
2021-04-28,1,1,b.1.1.7,1,0.263157894736842,Prince Edward Island
2021-04-29,1,1,b.1.1.7,1,0.461538461538462,Prince Edward Island
2021-04-30,0,0,b.1.1.7,0,0.5,Prince Edward Island
2021-05-01,1,1,b.1.1.7,1,0.75,Prince Edward Island
2021-05-02,0,0,b.1.1.7,0,1,Prince Edward Island
2021-05-03,1,1,b.1.1.7,1,1,Prince Edward Island
2021-05-04,1,1,b.1.1.7,1,1,Prince Edward Island
2021-05-05,1,1,b.1.1.7,1,1,Prince Edward Island
2021-05-06,0,0,b.1.1.7,0,1,Prince Edward Island
2021-05-07,0,0,b.1.1.7,0,1,Prince Edward Island
2021-05-08,0,0,b.1.1.7,0,1,Prince Edward Island
2021-05-09,0,0,b.1.1.7,0,1,Prince Edward Island
2021-05-10,0,0,b.1.1.7,0,1,Prince Edward Island
2021-05-11,0,0,b.1.1.7,0,1,Prince Edward Island
2021-05-12,0,0,b.1.1.7,0,0,Prince Edward Island
2021-05-13,1,1,b.1.1.7,1,1,Prince Edward Island
2021-05-14,0,0,b.1.1.7,0,1,Prince Edward Island
2021-05-15,0,0,b.1.1.7,0,1,Prince Edward Island
2021-05-16,0,0,b.1.1.7,0,1,Prince Edward Island
2021-05-17,0,0,b.1.1.7,0,1,Prince Edward Island
2021-05-18,0,0,b.1.1.7,0,1,Prince Edward Island
2021-05-19,0,0,b.1.1.7,0,1,Prince Edward Island
2021-05-20,1,1,b.1.1.7,1,1,Prince Edward Island
2021-05-21,0,0,b.1.1.7,0,1,Prince Edward Island
2021-05-22,0,0,b.1.1.7,0,1,Prince Edward Island
2021-05-23,0,0,b.1.1.7,0,1,Prince Edward Island
2021-05-24,0,0,b.1.1.7,0,1,Prince Edward Island
2021-05-25,0,0,b.1.1.7,0,1,Prince Edward Island
2021-05-26,0,0,b.1.1.7,0,1,Prince Edward Island
2021-05-27,1,1,b.1.1.7,1,1,Prince Edward Island
2021-01-16,1,1,b.1.2,1,1,Prince Edward Island
2021-01-17,0,0,b.1.2,0,1,Prince Edward Island
2021-01-18,2,1,b.1.2,0.5,0.4,Prince Edward Island
2021-01-18,2,1,b.1.36.18,0.5,0.6,Prince Edward Island
2020-12-11,1,1,b.1.438.1,1,1,Prince Edward Island
2020-12-12,0,0,b.1.438.1,0,1,Prince Edward Island
2020-12-13,0,0,b.1.438.1,0,1,Prince Edward Island
2020-12-14,0,0,b.1.438.1,0,1,Prince Edward Island
2020-12-15,0,0,b.1.438.1,0,1,Prince Edward Island
2020-12-16,0,0,b.1.438.1,0,1,Prince Edward Island
2020-12-17,0,0,b.1.438.1,0,1,Prince Edward Island
2020-12-18,0,0,b.1.438.1,0,0,Prince Edward Island
2020-12-19,0,0,b.1.438.1,0,0,Prince Edward Island
2020-12-20,0,0,b.1.438.1,0,0,Prince Edward Island
2020-12-21,0,0,b.1.438.1,0,0,Prince Edward Island
2020-12-22,0,0,b.1.438.1,0,0,Prince Edward Island
2020-12-23,0,0,b.1.438.1,0,0,Prince Edward Island
2020-12-24,0,0,b.1.438.1,0,0,Prince Edward Island
2020-12-25,0,0,b.1.438.1,0,0,Prince Edward Island
2020-12-26,0,0,b.1.438.1,0,0,Prince Edward Island
2020-12-27,0,0,b.1.438.1,0,0,Prince Edward Island
2020-12-28,0,0,b.1.438.1,0,0,Prince Edward Island
2020-12-29,0,0,b.1.438.1,0,0,Prince Edward Island
2020-12-30,0,0,b.1.438.1,0,0,Prince Edward Island
2020-12-31,0,0,b.1.438.1,0,0,Prince Edward Island
2021-01-01,0,0,b.1.438.1,0,0,Prince Edward Island
2021-01-02,0,0,b.1.438.1,0,0,Prince Edward Island
2021-01-03,0,0,b.1.438.1,0,0,Prince Edward Island
2021-01-04,0,0,b.1.438.1,0,0,Prince Edward Island
2021-01-05,0,0,b.1.438.1,0,0,Prince Edward Island
2021-01-06,0,0,b.1.438.1,0,0,Prince Edward Island
2021-01-07,0,0,b.1.438.1,0,0,Prince Edward Island
2021-01-08,0,0,b.1.438.1,0,0,Prince Edward Island
2021-01-09,0,0,b.1.438.1,0,0,Prince Edward Island
2021-01-10,0,0,b.1.438.1,0,0,Prince Edward Island
2021-01-11,0,0,b.1.438.1,0,0,Prince Edward Island
2021-01-12,1,1,b.1.438.1,1,1,Prince Edward Island
2021-01-13,0,0,b.1.438.1,0,0.125,Prince Edward Island
2021-01-14,0,0,b.1.438.1,0,1,Prince Edward Island
2021-01-15,1,1,b.1.438.1,1,1,Prince Edward Island
2021-02-17,1,1,b.1.525,1,1,Prince Edward Island
2021-02-18,0,0,b.1.525,0,1,Prince Edward Island
2021-02-19,0,0,b.1.525,0,1,Prince Edward Island
2021-02-20,0,0,b.1.525,0,1,Prince Edward Island
2021-02-21,0,0,b.1.525,0,1,Prince Edward Island
2021-02-22,0,0,b.1.525,0,1,Prince Edward Island
2021-02-23,0,0,b.1.525,0,0.125,Prince Edward Island
2021-02-24,0,0,b.1.525,0,0,Prince Edward Island
2021-02-25,0,0,b.1.525,0,0,Prince Edward Island
2021-02-26,0,0,b.1.525,0,0,Prince Edward Island
2021-02-27,0,0,b.1.525,0,0,Prince Edward Island
2021-02-28,0,0,b.1.525,0,0,Prince Edward Island
2021-03-01,0,0,b.1.525,0,0,Prince Edward Island
2021-03-02,0,0,b.1.525,0,0,Prince Edward Island
2021-03-03,0,0,b.1.525,0,0,Prince Edward Island
2021-03-04,0,0,b.1.525,0,0,Prince Edward Island
2021-03-05,0,0,b.1.525,0,0,Prince Edward Island
2021-03-06,0,0,b.1.525,0,0,Prince Edward Island
2021-03-07,0,0,b.1.525,0,0,Prince Edward Island
2021-03-08,0,0,b.1.525,0,0,Prince Edward Island
2021-03-09,0,0,b.1.525,0,0,Prince Edward Island
2021-03-10,0,0,b.1.525,0,0,Prince Edward Island
2021-03-11,0,0,b.1.525,0,0,Prince Edward Island
2021-03-12,0,0,b.1.525,0,0,Prince Edward Island
2021-03-13,0,0,b.1.525,0,0,Prince Edward Island
2021-03-14,0,0,b.1.525,0,0,Prince Edward Island
2021-03-15,0,0,b.1.525,0,0,Prince Edward Island
2021-03-16,0,0,b.1.525,0,0,Prince Edward Island
2021-03-17,0,0,b.1.525,0,0,Prince Edward Island
2021-03-18,0,0,b.1.525,0,0,Prince Edward Island
2021-03-19,0,0,b.1.525,0,0,Prince Edward Island
2021-03-20,0,0,b.1.525,0,0,Prince Edward Island
2021-03-21,0,0,b.1.525,0,0,Prince Edward Island
2021-03-22,0,0,b.1.525,0,0,Prince Edward Island
2021-03-23,0,0,b.1.525,0,0,Prince Edward Island
2021-03-24,1,1,b.1.525,1,1,Prince Edward Island
2021-03-25,0,0,b.1.525,0,0.333333333333333,Prince Edward Island
2021-03-26,0,0,b.1.525,0,0.333333333333333,Prince Edward Island
2021-03-27,0,0,b.1.525,0,0.333333333333333,Prince Edward Island
2021-03-28,0,0,b.1.525,0,0.333333333333333,Prince Edward Island
2021-03-29,1,1,b.1.525,1,0.5,Prince Edward Island
2020-07-13,1,1,b.1.609,1,0.7,Prince Edward Island
2020-07-14,0,0,b.1.609,0,0.538461538461538,Prince Edward Island
2020-07-15,0,0,b.1.609,0,0.538461538461538,Prince Edward Island
2020-07-16,0,0,b.1.609,0,0.466666666666667,Prince Edward Island
2020-07-17,0,0,b.1.609,0,0.411764705882353,Prince Edward Island
2020-07-18,0,0,b.1.609,0,0.368421052631579,Prince Edward Island
2020-07-19,0,0,b.1.609,0,1,Prince Edward Island
2020-07-20,0,0,b.1.609,0,0,Prince Edward Island
2020-07-21,0,0,b.1.609,0,0,Prince Edward Island
2020-07-22,0,0,b.1.609,0,0,Prince Edward Island
2020-07-23,0,0,b.1.609,0,0,Prince Edward Island
2020-07-24,0,0,b.1.609,0,0,Prince Edward Island
2020-07-25,0,0,b.1.609,0,0,Prince Edward Island
2020-07-26,0,0,b.1.609,0,0,Prince Edward Island
2020-07-27,0,0,b.1.609,0,0,Prince Edward Island
2020-07-28,0,0,b.1.609,0,0,Prince Edward Island
2020-07-29,0,0,b.1.609,0,0,Prince Edward Island
2020-07-30,0,0,b.1.609,0,0,Prince Edward Island
2020-07-31,0,0,b.1.609,0,0,Prince Edward Island
2020-08-01,0,0,b.1.609,0,0,Prince Edward Island
2020-08-02,0,0,b.1.609,0,0,Prince Edward Island
2020-08-03,0,0,b.1.609,0,0,Prince Edward Island
2020-08-04,0,0,b.1.609,0,0,Prince Edward Island
2020-08-05,0,0,b.1.609,0,0,Prince Edward Island
2020-08-06,0,0,b.1.609,0,0,Prince Edward Island
2020-08-07,0,0,b.1.609,0,0,Prince Edward Island
2020-08-08,0,0,b.1.609,0,0,Prince Edward Island
2020-08-09,0,0,b.1.609,0,0,Prince Edward Island
2020-08-10,0,0,b.1.609,0,0,Prince Edward Island
2020-08-11,0,0,b.1.609,0,0,Prince Edward Island
2020-08-12,0,0,b.1.609,0,0,Prince Edward Island
2020-08-13,0,0,b.1.609,0,0,Prince Edward Island
2020-08-14,0,0,b.1.609,0,0,Prince Edward Island
2020-08-15,0,0,b.1.609,0,0,Prince Edward Island
2020-08-16,0,0,b.1.609,0,0,Prince Edward Island
2020-08-17,0,0,b.1.609,0,0,Prince Edward Island
2020-08-18,0,0,b.1.609,0,0,Prince Edward Island
2020-08-19,0,0,b.1.609,0,0,Prince Edward Island
2020-08-20,0,0,b.1.609,0,0,Prince Edward Island
2020-08-21,0,0,b.1.609,0,0,Prince Edward Island
2020-08-22,0,0,b.1.609,0,0,Prince Edward Island
2020-08-23,0,0,b.1.609,0,0,Prince Edward Island
2020-08-24,0,0,b.1.609,0,0,Prince Edward Island
2020-08-25,0,0,b.1.609,0,0,Prince Edward Island
2020-08-26,0,0,b.1.609,0,0,Prince Edward Island
2020-08-27,0,0,b.1.609,0,0,Prince Edward Island
2020-08-28,0,0,b.1.609,0,0,Prince Edward Island
2020-08-29,0,0,b.1.609,0,0,Prince Edward Island
2020-08-30,0,0,b.1.609,0,0,Prince Edward Island
2020-08-31,0,0,b.1.609,0,0,Prince Edward Island
2020-09-01,0,0,b.1.609,0,0,Prince Edward Island
2020-09-02,0,0,b.1.609,0,0,Prince Edward Island
2020-09-03,0,0,b.1.609,0,0,Prince Edward Island
2020-09-04,0,0,b.1.609,0,0,Prince Edward Island
2020-09-05,0,0,b.1.609,0,0,Prince Edward Island
2020-09-06,0,0,b.1.609,0,0,Prince Edward Island
2020-09-07,0,0,b.1.609,0,0,Prince Edward Island
2020-09-08,0,0,b.1.609,0,0,Prince Edward Island
2020-09-09,0,0,b.1.609,0,0,Prince Edward Island
2020-09-10,0,0,b.1.609,0,0,Prince Edward Island
2020-09-11,0,0,b.1.609,0,0,Prince Edward Island
2020-09-12,0,0,b.1.609,0,0,Prince Edward Island
2020-09-13,0,0,b.1.609,0,0,Prince Edward Island
2020-09-14,0,0,b.1.609,0,0,Prince Edward Island
2020-09-15,0,0,b.1.609,0,0,Prince Edward Island
2020-09-16,0,0,b.1.609,0,0,Prince Edward Island
2020-09-17,0,0,b.1.609,0,0,Prince Edward Island
2020-09-18,0,0,b.1.609,0,0,Prince Edward Island
2020-09-19,0,0,b.1.609,0,0,Prince Edward Island
2020-09-20,0,0,b.1.609,0,0,Prince Edward Island
2020-09-21,0,0,b.1.609,0,0,Prince Edward Island
2020-09-22,0,0,b.1.609,0,0,Prince Edward Island
2020-09-23,0,0,b.1.609,0,0,Prince Edward Island
2020-09-24,0,0,b.1.609,0,0,Prince Edward Island
2020-09-25,0,0,b.1.609,0,0,Prince Edward Island
2020-09-26,0,0,b.1.609,0,0,Prince Edward Island
2020-09-27,0,0,b.1.609,0,0,Prince Edward Island
2020-09-28,0,0,b.1.609,0,0,Prince Edward Island
2020-09-29,0,0,b.1.609,0,0,Prince Edward Island
2020-09-30,0,0,b.1.609,0,0,Prince Edward Island
2020-10-01,0,0,b.1.609,0,0,Prince Edward Island
2020-10-02,0,0,b.1.609,0,0,Prince Edward Island
2020-10-03,0,0,b.1.609,0,0,Prince Edward Island
2020-10-04,0,0,b.1.609,0,0,Prince Edward Island
2020-10-05,0,0,b.1.609,0,0,Prince Edward Island
2020-10-06,0,0,b.1.609,0,0,Prince Edward Island
2020-10-07,0,0,b.1.609,0,0,Prince Edward Island
2020-10-08,0,0,b.1.609,0,0,Prince Edward Island
2020-10-09,0,0,b.1.609,0,0,Prince Edward Island
2020-10-10,0,0,b.1.609,0,0,Prince Edward Island
2020-10-11,0,0,b.1.609,0,0,Prince Edward Island
2020-10-12,0,0,b.1.609,0,0,Prince Edward Island
2020-10-13,0,0,b.1.609,0,0,Prince Edward Island
2020-10-14,0,0,b.1.609,0,0,Prince Edward Island
2020-10-15,0,0,b.1.609,0,0,Prince Edward Island
2020-10-16,0,0,b.1.609,0,0,Prince Edward Island
2020-10-17,0,0,b.1.609,0,0,Prince Edward Island
2020-10-18,0,0,b.1.609,0,0,Prince Edward Island
2020-10-19,0,0,b.1.609,0,0,Prince Edward Island
2020-10-20,0,0,b.1.609,0,0,Prince Edward Island
2020-10-21,0,0,b.1.609,0,0,Prince Edward Island
2020-10-22,0,0,b.1.609,0,0,Prince Edward Island
2020-10-23,0,0,b.1.609,0,0,Prince Edward Island
2020-10-24,0,0,b.1.609,0,0,Prince Edward Island
2020-10-25,0,0,b.1.609,0,0,Prince Edward Island
2020-10-26,0,0,b.1.609,0,0,Prince Edward Island
2020-10-27,0,0,b.1.609,0,0,Prince Edward Island
2020-10-28,0,0,b.1.609,0,0,Prince Edward Island
2020-10-29,0,0,b.1.609,0,0,Prince Edward Island
2020-10-30,0,0,b.1.609,0,0,Prince Edward Island
2020-10-31,0,0,b.1.609,0,0,Prince Edward Island
2020-11-01,0,0,b.1.609,0,0,Prince Edward Island
2020-11-02,0,0,b.1.609,0,0,Prince Edward Island
2020-11-03,0,0,b.1.609,0,0,Prince Edward Island
2020-11-04,0,0,b.1.609,0,0,Prince Edward Island
2020-11-05,0,0,b.1.609,0,0,Prince Edward Island
2020-11-06,0,0,b.1.609,0,0,Prince Edward Island
2020-11-07,0,0,b.1.609,0,0,Prince Edward Island
2020-11-08,0,0,b.1.609,0,0,Prince Edward Island
2020-11-09,0,0,b.1.609,0,0,Prince Edward Island
2020-11-10,0,0,b.1.609,0,0,Prince Edward Island
2020-11-11,0,0,b.1.609,0,0,Prince Edward Island
2020-11-12,0,0,b.1.609,0,0,Prince Edward Island
2020-11-13,0,0,b.1.609,0,0,Prince Edward Island
2020-11-14,0,0,b.1.609,0,0,Prince Edward Island
2020-11-15,0,0,b.1.609,0,0,Prince Edward Island
2020-11-16,0,0,b.1.609,0,0,Prince Edward Island
2020-11-17,0,0,b.1.609,0,0,Prince Edward Island
2020-11-18,0,0,b.1.609,0,0,Prince Edward Island
2020-11-19,0,0,b.1.609,0,0,Prince Edward Island
2020-11-20,0,0,b.1.609,0,0,Prince Edward Island
2020-11-21,0,0,b.1.609,0,0,Prince Edward Island
2020-11-22,0,0,b.1.609,0,0,Prince Edward Island
2020-11-23,0,0,b.1.609,0,0,Prince Edward Island
2020-11-24,0,0,b.1.609,0,0,Prince Edward Island
2020-11-25,0,0,b.1.609,0,0,Prince Edward Island
2020-11-26,0,0,b.1.609,0,0,Prince Edward Island
2020-11-27,0,0,b.1.609,0,0,Prince Edward Island
2020-11-28,0,0,b.1.609,0,0,Prince Edward Island
2020-11-29,0,0,b.1.609,0,0,Prince Edward Island
2020-11-30,0,0,b.1.609,0,0,Prince Edward Island
2020-12-01,0,0,b.1.609,0,0,Prince Edward Island
2020-12-02,0,0,b.1.609,0,0,Prince Edward Island
2020-12-03,0,0,b.1.609,0,0,Prince Edward Island
2020-12-04,0,0,b.1.609,0,0,Prince Edward Island
2020-12-05,0,0,b.1.609,0,0,Prince Edward Island
2020-12-06,0,0,b.1.609,0,0,Prince Edward Island
2020-12-07,0,0,b.1.609,0,0,Prince Edward Island
2020-12-08,0,0,b.1.609,0,0,Prince Edward Island
2020-12-09,0,0,b.1.609,0,0,Prince Edward Island
2020-12-10,1,1,b.1.609,1,1,Prince Edward Island
2021-04-24,1,1,b.1.617.2,1,0.777777777777778,Prince Edward Island
2021-04-25,1,1,b.1.617.2,1,0.875,Prince Edward Island
2021-04-26,0,0,b.1.617.2,0,0.823529411764706,Prince Edward Island
2021-04-27,0,0,b.1.617.2,0,0.333333333333333,Prince Edward Island
2021-04-28,0,0,b.1.617.2,0,0.736842105263158,Prince Edward Island
2021-04-29,0,0,b.1.617.2,0,0.538461538461538,Prince Edward Island
2021-04-30,0,0,b.1.617.2,0,0.5,Prince Edward Island
2021-05-01,0,0,b.1.617.2,0,0.25,Prince Edward Island
2021-05-02,0,0,b.1.617.2,0,0,Prince Edward Island
2021-05-03,0,0,b.1.617.2,0,0,Prince Edward Island
2021-05-04,0,0,b.1.617.2,0,0,Prince Edward Island
2021-05-05,0,0,b.1.617.2,0,0,Prince Edward Island
2021-05-06,0,0,b.1.617.2,0,0,Prince Edward Island
2021-05-07,0,0,b.1.617.2,0,0,Prince Edward Island
2021-05-08,0,0,b.1.617.2,0,0,Prince Edward Island
2021-05-09,0,0,b.1.617.2,0,0,Prince Edward Island
2021-05-10,0,0,b.1.617.2,0,0,Prince Edward Island
2021-05-11,0,0,b.1.617.2,0,0,Prince Edward Island
2021-05-12,0,0,b.1.617.2,0,0,Prince Edward Island
2021-05-13,0,0,b.1.617.2,0,0,Prince Edward Island
2021-05-14,0,0,b.1.617.2,0,0,Prince Edward Island
2021-05-15,0,0,b.1.617.2,0,0,Prince Edward Island
2021-05-16,0,0,b.1.617.2,0,0,Prince Edward Island
2021-05-17,0,0,b.1.617.2,0,0,Prince Edward Island
2021-05-18,0,0,b.1.617.2,0,0,Prince Edward Island
2021-05-19,0,0,b.1.617.2,0,0,Prince Edward Island
2021-05-20,0,0,b.1.617.2,0,0,Prince Edward Island
2021-05-21,0,0,b.1.617.2,0,0,Prince Edward Island
2021-05-22,0,0,b.1.617.2,0,0,Prince Edward Island
2021-05-23,0,0,b.1.617.2,0,0,Prince Edward Island
2021-05-24,0,0,b.1.617.2,0,0,Prince Edward Island
2021-05-25,0,0,b.1.617.2,0,0,Prince Edward Island
2021-05-26,0,0,b.1.617.2,0,0,Prince Edward Island
2021-05-27,0,0,b.1.617.2,0,0,Prince Edward Island
2021-05-28,0,0,b.1.617.2,0,0,Prince Edward Island
2021-05-29,0,0,b.1.617.2,0,0,Prince Edward Island
2021-05-30,0,0,b.1.617.2,0,0,Prince Edward Island
2021-05-31,0,0,b.1.617.2,0,0,Prince Edward Island
2021-06-01,1,1,b.1.617.2,1,1,Prince Edward Island
2021-06-02,0,0,b.1.617.2,0,1,Prince Edward Island
2021-06-03,0,0,b.1.617.2,0,1,Prince Edward Island
2021-06-04,0,0,b.1.617.2,0,1,Prince Edward Island
2021-06-05,0,0,b.1.617.2,0,1,Prince Edward Island
2021-06-06,0,0,b.1.617.2,0,1,Prince Edward Island
2021-06-07,0,0,b.1.617.2,0,1,Prince Edward Island
2021-06-08,0,0,b.1.617.2,0,0,Prince Edward Island
2021-06-09,0,0,b.1.617.2,0,0,Prince Edward Island
2021-06-10,0,0,b.1.617.2,0,0,Prince Edward Island
2021-06-11,0,0,b.1.617.2,0,0,Prince Edward Island
2021-06-12,0,0,b.1.617.2,0,0,Prince Edward Island
2021-06-13,0,0,b.1.617.2,0,0,Prince Edward Island
2021-06-14,0,0,b.1.617.2,0,0,Prince Edward Island
2021-06-15,0,0,b.1.617.2,0,0,Prince Edward Island
2021-06-16,0,0,b.1.617.2,0,0,Prince Edward Island
2021-06-17,0,0,b.1.617.2,0,0,Prince Edward Island
2021-06-18,0,0,b.1.617.2,0,0,Prince Edward Island
2021-06-19,0,0,b.1.617.2,0,0,Prince Edward Island
2021-06-20,0,0,b.1.617.2,0,0,Prince Edward Island
2021-06-21,0,0,b.1.617.2,0,0,Prince Edward Island
2021-06-22,0,0,b.1.617.2,0,0,Prince Edward Island
2021-06-23,0,0,b.1.617.2,0,0,Prince Edward Island
2021-06-24,0,0,b.1.617.2,0,0,Prince Edward Island
2021-06-25,0,0,b.1.617.2,0,0,Prince Edward Island
2021-06-26,0,0,b.1.617.2,0,0,Prince Edward Island
2021-06-27,0,0,b.1.617.2,0,0,Prince Edward Island
2021-06-28,0,0,b.1.617.2,0,0,Prince Edward Island
2021-06-29,0,0,b.1.617.2,0,0,Prince Edward Island
2021-06-30,0,0,b.1.617.2,0,0,Prince Edward Island
2021-07-01,0,0,b.1.617.2,0,0,Prince Edward Island
2021-07-02,0,0,b.1.617.2,0,0,Prince Edward Island
2021-07-03,0,0,b.1.617.2,0,0,Prince Edward Island
2021-07-04,0,0,b.1.617.2,0,0,Prince Edward Island
2021-07-05,0,0,b.1.617.2,0,0,Prince Edward Island
2021-07-06,0,0,b.1.617.2,0,0,Prince Edward Island
2021-07-07,0,0,b.1.617.2,0,0,Prince Edward Island
2021-07-08,0,0,b.1.617.2,0,0,Prince Edward Island
2021-07-09,0,0,b.1.617.2,0,0,Prince Edward Island
2021-07-10,0,0,b.1.617.2,0,0,Prince Edward Island
2021-07-11,0,0,b.1.617.2,0,0,Prince Edward Island
2021-07-12,0,0,b.1.617.2,0,0,Prince Edward Island
2021-07-13,0,0,b.1.617.2,0,0,Prince Edward Island
2021-07-14,0,0,b.1.617.2,0,0,Prince Edward Island
2021-07-15,0,0,b.1.617.2,0,0,Prince Edward Island
2021-07-16,0,0,b.1.617.2,0,0,Prince Edward Island
2021-07-17,0,0,b.1.617.2,0,0,Prince Edward Island
2021-07-18,0,0,b.1.617.2,0,0,Prince Edward Island
2021-07-19,0,0,b.1.617.2,0,0,Prince Edward Island
2021-07-20,0,0,b.1.617.2,0,0,Prince Edward Island
2021-07-21,0,0,b.1.617.2,0,0,Prince Edward Island
2021-07-22,0,0,b.1.617.2,0,0,Prince Edward Island
2021-07-23,0,0,b.1.617.2,0,0,Prince Edward Island
2021-07-24,0,0,b.1.617.2,0,0,Prince Edward Island
2021-07-25,0,0,b.1.617.2,0,0,Prince Edward Island
2021-07-26,0,0,b.1.617.2,0,0,Prince Edward Island
2021-07-27,0,0,b.1.617.2,0,0,Prince Edward Island
2021-07-28,0,0,b.1.617.2,0,0,Prince Edward Island
2021-07-29,0,0,b.1.617.2,0,0,Prince Edward Island
2021-07-30,0,0,b.1.617.2,0,0,Prince Edward Island
2021-07-31,0,0,b.1.617.2,0,0,Prince Edward Island
2021-08-01,0,0,b.1.617.2,0,0,Prince Edward Island
2021-08-02,0,0,b.1.617.2,0,0,Prince Edward Island
2021-08-03,0,0,b.1.617.2,0,0,Prince Edward Island
2021-08-04,0,0,b.1.617.2,0,0,Prince Edward Island
2021-08-05,0,0,b.1.617.2,0,0,Prince Edward Island
2021-08-06,0,0,b.1.617.2,0,0,Prince Edward Island
2021-08-07,0,0,b.1.617.2,0,0,Prince Edward Island
2021-08-08,0,0,b.1.617.2,0,0,Prince Edward Island
2021-08-09,0,0,b.1.617.2,0,0,Prince Edward Island
2021-08-10,0,0,b.1.617.2,0,0,Prince Edward Island
2021-08-11,0,0,b.1.617.2,0,0,Prince Edward Island
2021-08-12,0,0,b.1.617.2,0,0,Prince Edward Island
2021-08-13,0,0,b.1.617.2,0,0,Prince Edward Island
2021-08-14,0,0,b.1.617.2,0,0,Prince Edward Island
2021-08-15,0,0,b.1.617.2,0,0,Prince Edward Island
2021-08-16,0,0,b.1.617.2,0,0,Prince Edward Island
2021-08-17,0,0,b.1.617.2,0,0,Prince Edward Island
2021-08-18,0,0,b.1.617.2,0,0,Prince Edward Island
2021-08-19,2,1,b.1.617.2,0.5,0.111111111111111,Prince Edward Island
2021-08-20,0,0,b.1.617.2,0,0.333333333333333,Prince Edward Island
2021-08-21,0,0,b.1.617.2,0,0.333333333333333,Prince Edward Island
2021-08-22,0,0,b.1.617.2,0,0.333333333333333,Prince Edward Island
2021-08-23,1,1,b.1.617.2,1,0.5,Prince Edward Island
2021-08-24,0,0,b.1.617.2,0,0.5,Prince Edward Island
2021-08-25,0,0,b.1.617.2,0,0.666666666666667,Prince Edward Island
2021-08-26,0,0,b.1.617.2,0,0.0625,Prince Edward Island
2021-08-27,0,0,b.1.617.2,0,1,Prince Edward Island
2021-08-28,0,0,b.1.617.2,0,1,Prince Edward Island
2021-08-29,0,0,b.1.617.2,0,0.111111111111111,Prince Edward Island
2021-08-30,0,0,b.1.617.2,0,0,Prince Edward Island
2021-08-31,0,0,b.1.617.2,0,0,Prince Edward Island
2021-09-01,0,0,b.1.617.2,0,0,Prince Edward Island
2021-09-02,0,0,b.1.617.2,0,0,Prince Edward Island
2021-09-03,0,0,b.1.617.2,0,0,Prince Edward Island
2021-09-04,0,0,b.1.617.2,0,0,Prince Edward Island
2021-09-05,0,0,b.1.617.2,0,0,Prince Edward Island
2021-09-06,0,0,b.1.617.2,0,0,Prince Edward Island
2021-09-07,0,0,b.1.617.2,0,0,Prince Edward Island
2021-09-08,0,0,b.1.617.2,0,0,Prince Edward Island
2021-09-09,0,0,b.1.617.2,0,0,Prince Edward Island
2021-09-10,0,0,b.1.617.2,0,0,Prince Edward Island
2021-09-11,0,0,b.1.617.2,0,0,Prince Edward Island
2021-09-12,4,1,b.1.617.2,0.25,0.0545454545454545,Prince Edward Island
2021-09-13,0,0,b.1.617.2,0,0.0563380281690141,Prince Edward Island
2021-09-14,0,0,b.1.617.2,0,0.0490196078431373,Prince Edward Island
2021-09-15,0,0,b.1.617.2,0,0.0368098159509202,Prince Edward Island
2021-09-16,0,0,b.1.617.2,0,0.0277777777777778,Prince Edward Island
2021-09-17,0,0,b.1.617.2,0,0.024390243902439,Prince Edward Island
2021-09-18,0,0,b.1.617.2,0,0.0289855072463768,Prince Edward Island
2021-09-19,0,0,b.1.617.2,0,0,Prince Edward Island
2021-09-20,0,0,b.1.617.2,0,0,Prince Edward Island
2021-09-21,0,0,b.1.617.2,0,0,Prince Edward Island
2021-09-22,0,0,b.1.617.2,0,0,Prince Edward Island
2021-09-23,0,0,b.1.617.2,0,0,Prince Edward Island
2021-09-24,0,0,b.1.617.2,0,0,Prince Edward Island
2021-09-25,0,0,b.1.617.2,0,0,Prince Edward Island
2021-09-26,0,0,b.1.617.2,0,0,Prince Edward Island
2021-09-27,0,0,b.1.617.2,0,0,Prince Edward Island
2021-09-28,0,0,b.1.617.2,0,0,Prince Edward Island
2021-09-29,0,0,b.1.617.2,0,0,Prince Edward Island
2021-09-30,0,0,b.1.617.2,0,0,Prince Edward Island
2021-10-01,0,0,b.1.617.2,0,0,Prince Edward Island
2021-10-02,0,0,b.1.617.2,0,0,Prince Edward Island
2021-10-03,0,0,b.1.617.2,0,0,Prince Edward Island
2021-10-04,0,0,b.1.617.2,0,0,Prince Edward Island
2021-10-05,0,0,b.1.617.2,0,0,Prince Edward Island
2021-10-06,0,0,b.1.617.2,0,0,Prince Edward Island
2021-10-07,0,0,b.1.617.2,0,0,Prince Edward Island
2021-10-08,0,0,b.1.617.2,0,0,Prince Edward Island
2021-10-09,0,0,b.1.617.2,0,0,Prince Edward Island
2021-10-10,0,0,b.1.617.2,0,0,Prince Edward Island
2021-10-11,0,0,b.1.617.2,0,0,Prince Edward Island
2021-10-12,0,0,b.1.617.2,0,0,Prince Edward Island
2021-10-13,0,0,b.1.617.2,0,0,Prince Edward Island
2021-10-14,0,0,b.1.617.2,0,0,Prince Edward Island
2021-10-15,0,0,b.1.617.2,0,0,Prince Edward Island
2021-10-16,0,0,b.1.617.2,0,0,Prince Edward Island
2021-10-17,0,0,b.1.617.2,0,0,Prince Edward Island
2021-10-18,0,0,b.1.617.2,0,0,Prince Edward Island
2021-10-19,0,0,b.1.617.2,0,0,Prince Edward Island
2021-10-20,0,0,b.1.617.2,0,0,Prince Edward Island
2021-10-21,0,0,b.1.617.2,0,0,Prince Edward Island
2021-10-22,0,0,b.1.617.2,0,0,Prince Edward Island
2021-10-23,0,0,b.1.617.2,0,0,Prince Edward Island
2021-10-24,0,0,b.1.617.2,0,0,Prince Edward Island
2021-10-25,0,0,b.1.617.2,0,0,Prince Edward Island
2021-10-26,0,0,b.1.617.2,0,0,Prince Edward Island
2021-10-27,0,0,b.1.617.2,0,0,Prince Edward Island
2021-10-28,0,0,b.1.617.2,0,0,Prince Edward Island
2021-10-29,0,0,b.1.617.2,0,0,Prince Edward Island
2021-10-30,0,0,b.1.617.2,0,0,Prince Edward Island
2021-10-31,0,0,b.1.617.2,0,0,Prince Edward Island
2021-11-01,0,0,b.1.617.2,0,0,Prince Edward Island
2021-11-02,0,0,b.1.617.2,0,0,Prince Edward Island
2021-11-03,0,0,b.1.617.2,0,0,Prince Edward Island
2021-11-04,0,0,b.1.617.2,0,0,Prince Edward Island
2021-11-05,0,0,b.1.617.2,0,0,Prince Edward Island
2021-11-06,0,0,b.1.617.2,0,0,Prince Edward Island
2021-11-07,0,0,b.1.617.2,0,0,Prince Edward Island
2021-11-08,0,0,b.1.617.2,0,0,Prince Edward Island
2021-11-09,0,0,b.1.617.2,0,0,Prince Edward Island
2021-11-10,3,1,b.1.617.2,0.333333333333333,0.1,Prince Edward Island
2021-12-15,8,1,ba.1,0.125,0.190217391304348,Prince Edward Island
2021-12-16,0,0,ba.1,0,0.0897435897435897,Prince Edward Island
2021-12-17,6,1,ba.1,0.166666666666667,0.0958904109589041,Prince Edward Island
2021-12-18,0,0,ba.1,0,0.0833333333333333,Prince Edward Island
2021-12-19,0,0,ba.1,0,0.0581717451523546,Prince Edward Island
2021-12-20,0,0,ba.1,0,0.0490367775831874,Prince Edward Island
2021-12-21,0,0,ba.1,0,0.043731778425656,Prince Edward Island
2021-12-22,0,0,ba.1,0,0.0186335403726708,Prince Edward Island
2021-12-23,0,0,ba.1,0,0.0221238938053097,Prince Edward Island
2021-12-24,0,0,ba.1,0,0,Prince Edward Island
2021-12-25,0,0,ba.1,0,0,Prince Edward Island
2021-12-26,0,0,ba.1,0,0,Prince Edward Island
2021-12-27,0,0,ba.1,0,0,Prince Edward Island
2021-12-28,0,0,ba.1,0,0,Prince Edward Island
2021-12-29,0,0,ba.1,0,0,Prince Edward Island
2021-12-30,0,0,ba.1,0,0,Prince Edward Island
2021-12-31,0,0,ba.1,0,0,Prince Edward Island
2022-01-01,0,0,ba.1,0,0,Prince Edward Island
2022-01-02,0,0,ba.1,0,0,Prince Edward Island
2022-01-03,0,0,ba.1,0,0,Prince Edward Island
2022-01-04,0,0,ba.1,0,0,Prince Edward Island
2022-01-05,0,0,ba.1,0,0,Prince Edward Island
2022-01-06,0,0,ba.1,0,0,Prince Edward Island
2022-01-07,8,7,ba.1,0.875,0.538461538461538,Prince Edward Island
2022-01-08,2,1,ba.1,0.5,0.533333333333333,Prince Edward Island
2022-01-09,1,1,ba.1,1,0.642857142857143,Prince Edward Island
2022-01-10,9,2,ba.1,0.222222222222222,0.478260869565217,Prince Edward Island
2022-01-11,5,3,ba.1,0.6,0.518518518518519,Prince Edward Island
2022-01-12,10,2,ba.1,0.2,0.444444444444444,Prince Edward Island
2022-01-13,0,0,ba.1,0,0.432432432432432,Prince Edward Island
2022-01-14,0,0,ba.1,0,0.3,Prince Edward Island
2022-01-15,0,0,ba.1,0,0.285714285714286,Prince Edward Island
2022-01-16,0,0,ba.1,0,0.25,Prince Edward Island
2022-01-17,0,0,ba.1,0,0.263157894736842,Prince Edward Island
2022-01-18,0,0,ba.1,0,0.133333333333333,Prince Edward Island
2022-01-19,0,0,ba.1,0,0,Prince Edward Island
2022-01-20,0,0,ba.1,0,0,Prince Edward Island
2022-01-21,0,0,ba.1,0,0,Prince Edward Island
2022-01-22,0,0,ba.1,0,0,Prince Edward Island
2022-01-23,0,0,ba.1,0,0,Prince Edward Island
2022-01-24,0,0,ba.1,0,0,Prince Edward Island
2022-01-25,0,0,ba.1,0,0,Prince Edward Island
2022-01-26,0,0,ba.1,0,0,Prince Edward Island
2022-01-27,0,0,ba.1,0,0,Prince Edward Island
2022-01-28,0,0,ba.1,0,0,Prince Edward Island
2022-01-29,0,0,ba.1,0,0,Prince Edward Island
2022-01-30,0,0,ba.1,0,0,Prince Edward Island
2022-01-31,1,1,ba.1,1,0.25,Prince Edward Island
2022-02-01,0,0,ba.1,0,0.166666666666667,Prince Edward Island
2022-02-02,0,0,ba.1,0,0.166666666666667,Prince Edward Island
2022-02-03,0,0,ba.1,0,0.125,Prince Edward Island
2022-02-04,1,1,ba.1,1,0.222222222222222,Prince Edward Island
2022-02-05,0,0,ba.1,0,0.222222222222222,Prince Edward Island
2022-02-06,0,0,ba.1,0,0.25,Prince Edward Island
2022-02-07,0,0,ba.1,0,0.142857142857143,Prince Edward Island
2022-02-08,0,0,ba.1,0,0.166666666666667,Prince Edward Island
2022-02-09,0,0,ba.1,0,0.2,Prince Edward Island
2022-02-10,0,0,ba.1,0,0.333333333333333,Prince Edward Island
2022-02-11,0,0,ba.1,0,0,Prince Edward Island
2022-02-12,0,0,ba.1,0,0,Prince Edward Island
2022-02-13,0,0,ba.1,0,0,Prince Edward Island
2022-02-14,0,0,ba.1,0,0,Prince Edward Island
2022-02-15,0,0,ba.1,0,0,Prince Edward Island
2022-02-16,0,0,ba.1,0,0,Prince Edward Island
2022-02-17,0,0,ba.1,0,0,Prince Edward Island
2022-02-18,0,0,ba.1,0,0,Prince Edward Island
2022-02-19,0,0,ba.1,0,0,Prince Edward Island
2022-02-20,0,0,ba.1,0,0,Prince Edward Island
2022-02-21,0,0,ba.1,0,0,Prince Edward Island
2022-02-22,1,1,ba.1,1,1,Prince Edward Island
2021-12-08,6,1,ba.1.1,0.166666666666667,0.35,Prince Edward Island
2021-12-09,6,1,ba.1.1,0.166666666666667,0.325581395348837,Prince Edward Island
2021-12-10,0,0,ba.1.1,0,0.212121212121212,Prince Edward Island
2021-12-11,2,1,ba.1.1,0.5,0.181034482758621,Prince Edward Island
2021-12-12,4,2,ba.1.1,0.5,0.242214532871972,Prince Edward Island
2021-12-13,0,0,ba.1.1,0,0.213414634146341,Prince Edward Island
2021-12-14,11,8,ba.1.1,0.727272727272727,0.374100719424461,Prince Edward Island
2021-12-15,8,6,ba.1.1,0.75,0.489130434782609,Prince Edward Island
2021-12-16,10,9,ba.1.1,0.9,0.666666666666667,Prince Edward Island
2021-12-17,6,4,ba.1.1,0.666666666666667,0.616438356164384,Prince Edward Island
2021-12-18,0,0,ba.1.1,0,0.690476190476191,Prince Edward Island
2021-12-19,6,3,ba.1.1,0.5,0.623268698060942,Prince Edward Island
2021-12-20,5,5,ba.1.1,1,0.735551663747811,Prince Edward Island
2021-12-21,9,7,ba.1.1,0.777777777777778,0.743440233236152,Prince Edward Island
2021-12-22,14,12,ba.1.1,0.857142857142857,0.745341614906832,Prince Edward Island
2021-12-23,9,7,ba.1.1,0.777777777777778,0.84070796460177,Prince Edward Island
2021-12-24,0,0,ba.1.1,0,1,Prince Edward Island
2021-12-25,0,0,ba.1.1,0,1,Prince Edward Island
2021-12-26,0,0,ba.1.1,0,0.96875,Prince Edward Island
2021-12-27,0,0,ba.1.1,0,1,Prince Edward Island
2021-12-28,2,2,ba.1.1,1,1,Prince Edward Island
2021-12-29,2,2,ba.1.1,1,1,Prince Edward Island
2021-12-30,2,2,ba.1.1,1,1,Prince Edward Island
2021-12-31,0,0,ba.1.1,0,1,Prince Edward Island
2022-01-01,0,0,ba.1.1,0,1,Prince Edward Island
2022-01-02,2,2,ba.1.1,1,1,Prince Edward Island
2022-01-03,0,0,ba.1.1,0,1,Prince Edward Island
2022-01-04,1,1,ba.1.1,1,1,Prince Edward Island
2022-01-05,1,1,ba.1.1,1,1,Prince Edward Island
2022-01-06,1,1,ba.1.1,1,1,Prince Edward Island
2022-01-07,8,1,ba.1.1,0.125,0.461538461538462,Prince Edward Island
2022-01-08,2,1,ba.1.1,0.5,0.466666666666667,Prince Edward Island
2022-01-09,0,0,ba.1.1,0,0.357142857142857,Prince Edward Island
2022-01-10,9,7,ba.1.1,0.777777777777778,0.521739130434783,Prince Edward Island
2022-01-11,5,2,ba.1.1,0.4,0.481481481481482,Prince Edward Island
2022-01-12,10,8,ba.1.1,0.8,0.555555555555556,Prince Edward Island
2022-01-13,2,2,ba.1.1,1,0.567567567567568,Prince Edward Island
2022-01-14,1,1,ba.1.1,1,0.7,Prince Edward Island
2022-01-15,0,0,ba.1.1,0,0.714285714285714,Prince Edward Island
2022-01-16,1,1,ba.1.1,1,0.75,Prince Edward Island
2022-01-17,0,0,ba.1.1,0,0.736842105263158,Prince Edward Island
2022-01-18,1,1,ba.1.1,1,0.866666666666667,Prince Edward Island
2022-01-19,0,0,ba.1.1,0,1,Prince Edward Island
2022-01-20,2,2,ba.1.1,1,1,Prince Edward Island
2022-01-21,1,1,ba.1.1,1,1,Prince Edward Island
2022-01-22,0,0,ba.1.1,0,1,Prince Edward Island
2022-01-23,1,1,ba.1.1,1,1,Prince Edward Island
2022-01-24,0,0,ba.1.1,0,1,Prince Edward Island
2022-01-25,0,0,ba.1.1,0,1,Prince Edward Island
2022-01-26,1,1,ba.1.1,1,1,Prince Edward Island
2022-01-27,0,0,ba.1.1,0,1,Prince Edward Island
2022-01-28,0,0,ba.1.1,0,1,Prince Edward Island
2022-01-29,0,0,ba.1.1,0,1,Prince Edward Island
2022-01-30,2,2,ba.1.1,1,1,Prince Edward Island
2022-01-31,0,0,ba.1.1,0,0.75,Prince Edward Island
2022-02-01,2,2,ba.1.1,1,0.833333333333333,Prince Edward Island
2022-02-02,1,1,ba.1.1,1,0.833333333333333,Prince Edward Island
2022-02-03,2,2,ba.1.1,1,0.875,Prince Edward Island
2022-02-04,0,0,ba.1.1,0,0.777777777777778,Prince Edward Island
2022-02-05,0,0,ba.1.1,0,0.777777777777778,Prince Edward Island
2022-02-06,1,1,ba.1.1,1,0.75,Prince Edward Island
2022-02-07,0,0,ba.1.1,0,0.857142857142857,Prince Edward Island
2022-02-08,1,1,ba.1.1,1,0.833333333333333,Prince Edward Island
2022-02-09,0,0,ba.1.1,0,0.8,Prince Edward Island
2022-02-10,0,0,ba.1.1,0,0.666666666666667,Prince Edward Island
2022-02-11,0,0,ba.1.1,0,1,Prince Edward Island
2022-02-12,0,0,ba.1.1,0,1,Prince Edward Island
2022-02-13,1,1,ba.1.1,1,1,Prince Edward Island
2022-02-14,1,1,ba.1.1,1,1,Prince Edward Island
2022-02-15,0,0,ba.1.1,0,1,Prince Edward Island
2022-02-16,0,0,ba.1.1,0,1,Prince Edward Island
2022-02-17,0,0,ba.1.1,0,1,Prince Edward Island
2022-02-18,0,0,ba.1.1,0,1,Prince Edward Island
2022-02-19,0,0,ba.1.1,0,1,Prince Edward Island
2022-02-20,0,0,ba.1.1,0,1,Prince Edward Island
2022-02-21,0,0,ba.1.1,0,0,Prince Edward Island
2022-02-22,0,0,ba.1.1,0,0,Prince Edward Island
2022-02-23,0,0,ba.1.1,0,0,Prince Edward Island
2022-02-24,0,0,ba.1.1,0,0,Prince Edward Island
2022-02-25,0,0,ba.1.1,0,0,Prince Edward Island
2022-02-26,0,0,ba.1.1,0,0,Prince Edward Island
2022-02-27,0,0,ba.1.1,0,0,Prince Edward Island
2022-02-28,0,0,ba.1.1,0,0,Prince Edward Island
2022-03-01,2,1,ba.1.1,0.5,0.125,Prince Edward Island
2022-03-02,0,0,ba.1.1,0,0.222222222222222,Prince Edward Island
2022-03-03,0,0,ba.1.1,0,0.3,Prince Edward Island
2022-03-04,0,0,ba.1.1,0,0.363636363636364,Prince Edward Island
2022-03-05,1,1,ba.1.1,1,0.588235294117647,Prince Edward Island
2022-03-06,0,0,ba.1.1,0,0.631578947368421,Prince Edward Island
2022-03-07,0,0,ba.1.1,0,0.666666666666667,Prince Edward Island
2022-03-08,6,4,ba.1.1,0.666666666666667,0.714285714285714,Prince Edward Island
2022-03-09,1,1,ba.1.1,1,0.75,Prince Edward Island
2022-03-10,0,0,ba.1.1,0,0.666666666666667,Prince Edward Island
2022-03-11,2,1,ba.1.1,0.5,0.411764705882353,Prince Edward Island
2022-03-12,2,2,ba.1.1,1,0.551724137931035,Prince Edward Island
2022-03-13,0,0,ba.1.1,0,0.558139534883721,Prince Edward Island
2022-03-14,0,0,ba.1.1,0,0.581818181818182,Prince Edward Island
2022-03-15,0,0,ba.1.1,0,0.54054054054054,Prince Edward Island
2022-03-16,0,0,ba.1.1,0,0.486486486486487,Prince Edward Island
2022-03-17,0,0,ba.1.1,0,0.6,Prince Edward Island
2022-03-18,0,0,ba.1.1,0,0.666666666666667,Prince Edward Island
2022-03-19,0,0,ba.1.1,0,0,Prince Edward Island
2022-03-20,0,0,ba.1.1,0,0,Prince Edward Island
2022-03-21,0,0,ba.1.1,0,0,Prince Edward Island
2022-03-22,0,0,ba.1.1,0,0,Prince Edward Island
2022-03-23,0,0,ba.1.1,0,0,Prince Edward Island
2022-03-24,0,0,ba.1.1,0,0,Prince Edward Island
2022-03-25,0,0,ba.1.1,0,0,Prince Edward Island
2022-03-26,0,0,ba.1.1,0,0,Prince Edward Island
2022-03-27,0,0,ba.1.1,0,0,Prince Edward Island
2022-03-28,0,0,ba.1.1,0,0,Prince Edward Island
2022-03-29,0,0,ba.1.1,0,0,Prince Edward Island
2022-03-30,0,0,ba.1.1,0,0,Prince Edward Island
2022-03-31,0,0,ba.1.1,0,0,Prince Edward Island
2022-04-01,0,0,ba.1.1,0,0,Prince Edward Island
2022-04-02,0,0,ba.1.1,0,0,Prince Edward Island
2022-04-03,0,0,ba.1.1,0,0,Prince Edward Island
2022-04-04,0,0,ba.1.1,0,0,Prince Edward Island
2022-04-05,1,1,ba.1.1,1,1,Prince Edward Island
2022-04-06,0,0,ba.1.1,0,0.5,Prince Edward Island
2022-04-07,6,1,ba.1.1,0.166666666666667,0.25,Prince Edward Island
2022-04-08,3,1,ba.1.1,0.333333333333333,0.176470588235294,Prince Edward Island
2022-04-09,0,0,ba.1.1,0,0.272727272727273,Prince Edward Island
2022-04-10,0,0,ba.1.1,0,0.272727272727273,Prince Edward Island
2022-04-11,0,0,ba.1.1,0,0.272727272727273,Prince Edward Island
2022-04-12,0,0,ba.1.1,0,0.2,Prince Edward Island
2022-04-13,0,0,ba.1.1,0,0.222222222222222,Prince Edward Island
2022-04-14,0,0,ba.1.1,0,0.333333333333333,Prince Edward Island
2022-04-15,0,0,ba.1.1,0,0,Prince Edward Island
2022-04-16,0,0,ba.1.1,0,0,Prince Edward Island
2022-04-17,0,0,ba.1.1,0,0,Prince Edward Island
2022-04-18,0,0,ba.1.1,0,0,Prince Edward Island
2022-04-19,0,0,ba.1.1,0,0,Prince Edward Island
2022-04-20,0,0,ba.1.1,0,0,Prince Edward Island
2022-04-21,0,0,ba.1.1,0,0,Prince Edward Island
2022-04-22,1,1,ba.1.1,1,1,Prince Edward Island
2022-04-23,0,0,ba.1.1,0,1,Prince Edward Island
2022-04-24,0,0,ba.1.1,0,0.5,Prince Edward Island
2022-04-25,6,3,ba.1.1,0.5,0.5,Prince Edward Island
2022-04-08,3,1,ba.1.1.13,0.333333333333333,0.411764705882353,Prince Edward Island
2021-12-17,6,1,ba.1.1.14,0.166666666666667,0.143835616438356,Prince Edward Island
2021-12-18,0,0,ba.1.1.14,0,0.0833333333333333,Prince Edward Island
2021-12-19,0,0,ba.1.1.14,0,0.0484764542936288,Prince Edward Island
2021-12-20,0,0,ba.1.1.14,0,0.0367775831873905,Prince Edward Island
2021-12-21,0,0,ba.1.1.14,0,0.0306122448979592,Prince Edward Island
2021-12-22,0,0,ba.1.1.14,0,0.0217391304347826,Prince Edward Island
2021-12-23,0,0,ba.1.1.14,0,0.0221238938053097,Prince Edward Island
2021-12-24,0,0,ba.1.1.14,0,0,Prince Edward Island
2021-12-25,0,0,ba.1.1.14,0,0,Prince Edward Island
2021-12-26,1,1,ba.1.1.14,1,0.03125,Prince Edward Island
2021-12-19,6,1,ba.1.15,0.166666666666667,0.145429362880886,Prince Edward Island
2021-12-20,0,0,ba.1.15,0,0.0735551663747811,Prince Edward Island
2021-12-21,0,0,ba.1.15,0,0.0510204081632653,Prince Edward Island
2021-12-22,14,1,ba.1.15,0.0714285714285714,0.0652173913043478,Prince Edward Island
2021-12-23,9,1,ba.1.15,0.111111111111111,0.0929203539823009,Prince Edward Island
2021-12-22,14,1,ba.1.17,0.0714285714285714,0.130434782608696,Prince Edward Island
2021-12-11,2,1,ba.1.17.2,0.5,0.241379310344828,Prince Edward Island
2021-12-12,0,0,ba.1.17.2,0,0.121107266435986,Prince Edward Island
2021-12-13,0,0,ba.1.17.2,0,0.0853658536585366,Prince Edward Island
2021-12-14,0,0,ba.1.17.2,0,0.0503597122302158,Prince Edward Island
2021-12-15,8,1,ba.1.17.2,0.125,0.0760869565217391,Prince Edward Island
2021-12-16,10,1,ba.1.17.2,0.1,0.0897435897435897,Prince Edward Island
2021-12-17,0,0,ba.1.17.2,0,0.0616438356164384,Prince Edward Island
2021-12-18,0,0,ba.1.17.2,0,0.0476190476190476,Prince Edward Island
2021-12-19,0,0,ba.1.17.2,0,0.0415512465373961,Prince Edward Island
2021-12-20,0,0,ba.1.17.2,0,0.042031523642732,Prince Edward Island
2021-12-21,0,0,ba.1.17.2,0,0.043731778425656,Prince Edward Island
2021-12-22,0,0,ba.1.17.2,0,0.0186335403726708,Prince Edward Island
2021-12-23,9,1,ba.1.17.2,0.111111111111111,0.0221238938053097,Prince Edward Island
2022-03-01,2,1,ba.2,0.5,0.875,Prince Edward Island
2022-03-02,0,0,ba.2,0,0.777777777777778,Prince Edward Island
2022-03-03,0,0,ba.2,0,0.7,Prince Edward Island
2022-03-04,0,0,ba.2,0,0.636363636363636,Prince Edward Island
2022-03-05,0,0,ba.2,0,0.411764705882353,Prince Edward Island
2022-03-06,0,0,ba.2,0,0.368421052631579,Prince Edward Island
2022-03-07,0,0,ba.2,0,0.333333333333333,Prince Edward Island
2022-03-08,6,2,ba.2,0.333333333333333,0.285714285714286,Prince Edward Island
2022-03-09,0,0,ba.2,0,0.25,Prince Edward Island
2022-03-10,1,1,ba.2,1,0.333333333333333,Prince Edward Island
2022-03-11,0,0,ba.2,0,0.176470588235294,Prince Edward Island
2022-03-12,0,0,ba.2,0,0.206896551724138,Prince Edward Island
2022-03-13,1,1,ba.2,1,0.27906976744186,Prince Edward Island
2022-03-14,0,0,ba.2,0,0.290909090909091,Prince Edward Island
2022-03-15,0,0,ba.2,0,0.27027027027027,Prince Edward Island
2022-03-16,0,0,ba.2,0,0.324324324324324,Prince Edward Island
2022-03-17,0,0,ba.2,0,0.2,Prince Edward Island
2022-03-18,0,0,ba.2,0,0.333333333333333,Prince Edward Island
2022-03-19,0,0,ba.2,0,1,Prince Edward Island
2022-03-20,0,0,ba.2,0,0,Prince Edward Island
2022-03-21,0,0,ba.2,0,0,Prince Edward Island
2022-03-22,0,0,ba.2,0,0,Prince Edward Island
2022-03-23,0,0,ba.2,0,0,Prince Edward Island
2022-03-24,0,0,ba.2,0,0,Prince Edward Island
2022-03-25,0,0,ba.2,0,0,Prince Edward Island
2022-03-26,0,0,ba.2,0,0,Prince Edward Island
2022-03-27,0,0,ba.2,0,0,Prince Edward Island
2022-03-28,0,0,ba.2,0,0,Prince Edward Island
2022-03-29,0,0,ba.2,0,0,Prince Edward Island
2022-03-30,0,0,ba.2,0,0,Prince Edward Island
2022-03-31,0,0,ba.2,0,0,Prince Edward Island
2022-04-01,0,0,ba.2,0,0,Prince Edward Island
2022-04-02,0,0,ba.2,0,0,Prince Edward Island
2022-04-03,0,0,ba.2,0,0,Prince Edward Island
2022-04-04,0,0,ba.2,0,0,Prince Edward Island
2022-04-05,0,0,ba.2,0,0,Prince Edward Island
2022-04-06,1,1,ba.2,1,0.5,Prince Edward Island
2022-04-07,6,5,ba.2,0.833333333333333,0.75,Prince Edward Island
2022-04-08,3,1,ba.2,0.333333333333333,0.411764705882353,Prince Edward Island
2022-04-09,1,1,ba.2,1,0.727272727272727,Prince Edward Island
2022-04-10,0,0,ba.2,0,0.727272727272727,Prince Edward Island
2022-04-11,0,0,ba.2,0,0.727272727272727,Prince Edward Island
2022-04-12,0,0,ba.2,0,0.8,Prince Edward Island
2022-04-13,0,0,ba.2,0,0.777777777777778,Prince Edward Island
2022-04-14,0,0,ba.2,0,0.666666666666667,Prince Edward Island
2022-04-15,0,0,ba.2,0,1,Prince Edward Island
2022-04-16,0,0,ba.2,0,0,Prince Edward Island
2022-04-17,0,0,ba.2,0,0,Prince Edward Island
2022-04-18,0,0,ba.2,0,0,Prince Edward Island
2022-04-19,0,0,ba.2,0,0,Prince Edward Island
2022-04-20,0,0,ba.2,0,0,Prince Edward Island
2022-04-21,0,0,ba.2,0,0,Prince Edward Island
2022-04-22,0,0,ba.2,0,0,Prince Edward Island
2022-04-23,0,0,ba.2,0,0,Prince Edward Island
2022-04-24,1,1,ba.2,1,0.5,Prince Edward Island
2022-04-25,6,1,ba.2,0.166666666666667,0.25,Prince Edward Island
2022-04-26,0,0,ba.2,0,0.5,Prince Edward Island
2022-04-27,2,1,ba.2,0.5,0.5,Prince Edward Island
2022-04-28,2,2,ba.2,1,1,Prince Edward Island
2022-04-29,0,0,ba.2,0,1,Prince Edward Island
2022-04-30,1,1,ba.2,1,1,Prince Edward Island
2022-05-01,0,0,ba.2,0,1,Prince Edward Island
2022-05-02,1,1,ba.2,1,1,Prince Edward Island
2022-05-03,0,0,ba.2,0,1,Prince Edward Island
2022-05-04,3,3,ba.2,1,1,Prince Edward Island
2022-05-05,3,3,ba.2,1,1,Prince Edward Island
2022-05-06,3,3,ba.2,1,1,Prince Edward Island
2022-05-07,2,2,ba.2,1,1,Prince Edward Island
2022-05-08,4,4,ba.2,1,1,Prince Edward Island
2022-05-09,0,0,ba.2,0,1,Prince Edward Island
2022-05-10,3,2,ba.2,0.666666666666667,0.708333333333333,Prince Edward Island
2022-05-11,1,1,ba.2,1,1,Prince Edward Island
2022-03-11,2,1,ba.2.3,0.5,0.411764705882353,Prince Edward Island
2022-03-12,0,0,ba.2.3,0,0.241379310344828,Prince Edward Island
2022-03-13,0,0,ba.2.3,0,0.162790697674419,Prince Edward Island
2022-03-14,0,0,ba.2.3,0,0.127272727272727,Prince Edward Island
2022-03-15,0,0,ba.2.3,0,0.189189189189189,Prince Edward Island
2022-03-16,0,0,ba.2.3,0,0.189189189189189,Prince Edward Island
2022-03-17,0,0,ba.2.3,0,0.2,Prince Edward Island
2022-03-18,0,0,ba.2.3,0,0,Prince Edward Island
2022-03-19,0,0,ba.2.3,0,0,Prince Edward Island
2022-03-20,0,0,ba.2.3,0,0,Prince Edward Island
2022-03-21,0,0,ba.2.3,0,0,Prince Edward Island
2022-03-22,0,0,ba.2.3,0,0,Prince Edward Island
2022-03-23,0,0,ba.2.3,0,0,Prince Edward Island
2022-03-24,0,0,ba.2.3,0,0,Prince Edward Island
2022-03-25,0,0,ba.2.3,0,0,Prince Edward Island
2022-03-26,0,0,ba.2.3,0,0,Prince Edward Island
2022-03-27,0,0,ba.2.3,0,0,Prince Edward Island
2022-03-28,0,0,ba.2.3,0,0,Prince Edward Island
2022-03-29,0,0,ba.2.3,0,0,Prince Edward Island
2022-03-30,0,0,ba.2.3,0,0,Prince Edward Island
2022-03-31,0,0,ba.2.3,0,0,Prince Edward Island
2022-04-01,0,0,ba.2.3,0,0,Prince Edward Island
2022-04-02,0,0,ba.2.3,0,0,Prince Edward Island
2022-04-03,0,0,ba.2.3,0,0,Prince Edward Island
2022-04-04,0,0,ba.2.3,0,0,Prince Edward Island
2022-04-05,0,0,ba.2.3,0,0,Prince Edward Island
2022-04-06,0,0,ba.2.3,0,0,Prince Edward Island
2022-04-07,0,0,ba.2.3,0,0,Prince Edward Island
2022-04-08,0,0,ba.2.3,0,0,Prince Edward Island
2022-04-09,0,0,ba.2.3,0,0,Prince Edward Island
2022-04-10,0,0,ba.2.3,0,0,Prince Edward Island
2022-04-11,0,0,ba.2.3,0,0,Prince Edward Island
2022-04-12,0,0,ba.2.3,0,0,Prince Edward Island
2022-04-13,0,0,ba.2.3,0,0,Prince Edward Island
2022-04-14,0,0,ba.2.3,0,0,Prince Edward Island
2022-04-15,0,0,ba.2.3,0,0,Prince Edward Island
2022-04-16,0,0,ba.2.3,0,0,Prince Edward Island
2022-04-17,0,0,ba.2.3,0,0,Prince Edward Island
2022-04-18,0,0,ba.2.3,0,0,Prince Edward Island
2022-04-19,0,0,ba.2.3,0,0,Prince Edward Island
2022-04-20,0,0,ba.2.3,0,0,Prince Edward Island
2022-04-21,0,0,ba.2.3,0,0,Prince Edward Island
2022-04-22,0,0,ba.2.3,0,0,Prince Edward Island
2022-04-23,0,0,ba.2.3,0,0,Prince Edward Island
2022-04-24,0,0,ba.2.3,0,0,Prince Edward Island
2022-04-25,6,2,ba.2.3,0.333333333333333,0.25,Prince Edward Island
2022-04-26,0,0,ba.2.3,0,0.5,Prince Edward Island
2022-04-27,2,1,ba.2.3,0.5,0.5,Prince Edward Island
2022-05-10,3,1,ba.2.66,0.333333333333333,0.291666666666667,Prince Edward Island
2020-03-17,1,1,other,1,1,Prince Edward Island
2020-03-18,0,0,other,0,1,Prince Edward Island
2020-03-19,1,1,other,1,1,Prince Edward Island
2020-03-20,0,0,other,0,1,Prince Edward Island
2020-03-21,0,0,other,0,1,Prince Edward Island
2020-03-22,0,0,other,0,1,Prince Edward Island
2020-03-23,3,3,other,1,1,Prince Edward Island
2020-03-24,4,4,other,1,1,Prince Edward Island
2020-03-25,0,0,other,0,1,Prince Edward Island
2020-03-26,0,0,other,0,1,Prince Edward Island
2020-03-27,0,0,other,0,1,Prince Edward Island
2020-03-28,0,0,other,0,1,Prince Edward Island
2020-03-29,0,0,other,0,1,Prince Edward Island
2020-03-30,2,2,other,1,1,Prince Edward Island
2020-03-31,0,0,other,0,1,Prince Edward Island
2020-04-01,0,0,other,0,1,Prince Edward Island
2020-04-02,2,2,other,1,1,Prince Edward Island
2020-04-03,0,0,other,0,1,Prince Edward Island
2020-04-04,1,1,other,1,1,Prince Edward Island
2020-04-05,0,0,other,0,1,Prince Edward Island
2020-04-06,0,0,other,0,1,Prince Edward Island
2020-04-07,0,0,other,0,1,Prince Edward Island
2020-04-08,0,0,other,0,1,Prince Edward Island
2020-04-09,0,0,other,0,1,Prince Edward Island
2020-04-10,0,0,other,0,1,Prince Edward Island
2020-04-11,0,0,other,0,0,Prince Edward Island
2020-04-12,0,0,other,0,0,Prince Edward Island
2020-04-13,0,0,other,0,0,Prince Edward Island
2020-04-14,0,0,other,0,0,Prince Edward Island
2020-04-15,0,0,other,0,0,Prince Edward Island
2020-04-16,0,0,other,0,0,Prince Edward Island
2020-04-17,0,0,other,0,0,Prince Edward Island
2020-04-18,0,0,other,0,0,Prince Edward Island
2020-04-19,0,0,other,0,0,Prince Edward Island
2020-04-20,0,0,other,0,0,Prince Edward Island
2020-04-21,0,0,other,0,0,Prince Edward Island
2020-04-22,0,0,other,0,0,Prince Edward Island
2020-04-23,0,0,other,0,0,Prince Edward Island
2020-04-24,0,0,other,0,0,Prince Edward Island
2020-04-25,0,0,other,0,0,Prince Edward Island
2020-04-26,0,0,other,0,0,Prince Edward Island
2020-04-27,0,0,other,0,0,Prince Edward Island
2020-04-28,0,0,other,0,0,Prince Edward Island
2020-04-29,0,0,other,0,0,Prince Edward Island
2020-04-30,0,0,other,0,0,Prince Edward Island
2020-05-01,0,0,other,0,0,Prince Edward Island
2020-05-02,0,0,other,0,0,Prince Edward Island
2020-05-03,0,0,other,0,0,Prince Edward Island
2020-05-04,0,0,other,0,0,Prince Edward Island
2020-05-05,0,0,other,0,0,Prince Edward Island
2020-05-06,0,0,other,0,0,Prince Edward Island
2020-05-07,0,0,other,0,0,Prince Edward Island
2020-05-08,0,0,other,0,0,Prince Edward Island
2020-05-09,0,0,other,0,0,Prince Edward Island
2020-05-10,0,0,other,0,0,Prince Edward Island
2020-05-11,0,0,other,0,0,Prince Edward Island
2020-05-12,0,0,other,0,0,Prince Edward Island
2020-05-13,0,0,other,0,0,Prince Edward Island
2020-05-14,0,0,other,0,0,Prince Edward Island
2020-05-15,0,0,other,0,0,Prince Edward Island
2020-05-16,0,0,other,0,0,Prince Edward Island
2020-05-17,0,0,other,0,0,Prince Edward Island
2020-05-18,0,0,other,0,0,Prince Edward Island
2020-05-19,0,0,other,0,0,Prince Edward Island
2020-05-20,0,0,other,0,0,Prince Edward Island
2020-05-21,0,0,other,0,0,Prince Edward Island
2020-05-22,0,0,other,0,0,Prince Edward Island
2020-05-23,0,0,other,0,0,Prince Edward Island
2020-05-24,0,0,other,0,0,Prince Edward Island
2020-05-25,0,0,other,0,0,Prince Edward Island
2020-05-26,0,0,other,0,0,Prince Edward Island
2020-05-27,0,0,other,0,0,Prince Edward Island
2020-05-28,0,0,other,0,0,Prince Edward Island
2020-05-29,0,0,other,0,0,Prince Edward Island
2020-05-30,0,0,other,0,0,Prince Edward Island
2020-05-31,0,0,other,0,0,Prince Edward Island
2020-06-01,0,0,other,0,0,Prince Edward Island
2020-06-02,0,0,other,0,0,Prince Edward Island
2020-06-03,0,0,other,0,0,Prince Edward Island
2020-06-04,0,0,other,0,0,Prince Edward Island
2020-06-05,0,0,other,0,0,Prince Edward Island
2020-06-06,0,0,other,0,0,Prince Edward Island
2020-06-07,0,0,other,0,0,Prince Edward Island
2020-06-08,0,0,other,0,0,Prince Edward Island
2020-06-09,0,0,other,0,0,Prince Edward Island
2020-06-10,0,0,other,0,0,Prince Edward Island
2020-06-11,0,0,other,0,0,Prince Edward Island
2020-06-12,0,0,other,0,0,Prince Edward Island
2020-06-13,0,0,other,0,0,Prince Edward Island
2020-06-14,0,0,other,0,0,Prince Edward Island
2020-06-15,0,0,other,0,0,Prince Edward Island
2020-06-16,0,0,other,0,0,Prince Edward Island
2020-06-17,0,0,other,0,0,Prince Edward Island
2020-06-18,0,0,other,0,0,Prince Edward Island
2020-06-19,0,0,other,0,0,Prince Edward Island
2020-06-20,0,0,other,0,0,Prince Edward Island
2020-06-21,0,0,other,0,0,Prince Edward Island
2020-06-22,0,0,other,0,0,Prince Edward Island
2020-06-23,0,0,other,0,0,Prince Edward Island
2020-06-24,0,0,other,0,0,Prince Edward Island
2020-06-25,0,0,other,0,0,Prince Edward Island
2020-06-26,0,0,other,0,0,Prince Edward Island
2020-06-27,0,0,other,0,0,Prince Edward Island
2020-06-28,0,0,other,0,0,Prince Edward Island
2020-06-29,0,0,other,0,0,Prince Edward Island
2020-06-30,0,0,other,0,0,Prince Edward Island
2020-07-01,0,0,other,0,0,Prince Edward Island
2020-07-02,0,0,other,0,0,Prince Edward Island
2020-07-03,3,3,other,1,1,Prince Edward Island
2020-07-04,0,0,other,0,1,Prince Edward Island
2020-07-05,0,0,other,0,1,Prince Edward Island
2020-07-06,0,0,other,0,1,Prince Edward Island
2020-07-07,0,0,other,0,1,Prince Edward Island
2020-07-08,1,1,other,1,1,Prince Edward Island
2020-07-09,0,0,other,0,1,Prince Edward Island
2020-07-10,0,0,other,0,1,Prince Edward Island
2020-07-11,0,0,other,0,1,Prince Edward Island
2020-07-12,2,2,other,1,1,Prince Edward Island
2020-07-13,0,0,other,0,0.3,Prince Edward Island
2020-07-14,0,0,other,0,0.461538461538462,Prince Edward Island
2020-07-15,0,0,other,0,0.461538461538462,Prince Edward Island
2020-07-16,0,0,other,0,0.533333333333333,Prince Edward Island
2020-07-17,0,0,other,0,0.588235294117647,Prince Edward Island
2020-07-18,0,0,other,0,0.631578947368421,Prince Edward Island
2020-07-19,0,0,other,0,0,Prince Edward Island
2020-07-20,0,0,other,0,0,Prince Edward Island
2020-07-21,0,0,other,0,0,Prince Edward Island
2020-07-22,0,0,other,0,0,Prince Edward Island
2020-07-23,0,0,other,0,0,Prince Edward Island
2020-07-24,0,0,other,0,0,Prince Edward Island
2020-07-25,0,0,other,0,0,Prince Edward Island
2020-07-26,0,0,other,0,0,Prince Edward Island
2020-07-27,0,0,other,0,0,Prince Edward Island
2020-07-28,0,0,other,0,0,Prince Edward Island
2020-07-29,0,0,other,0,0,Prince Edward Island
2020-07-30,0,0,other,0,0,Prince Edward Island
2020-07-31,0,0,other,0,0,Prince Edward Island
2020-08-01,0,0,other,0,0,Prince Edward Island
2020-08-02,0,0,other,0,0,Prince Edward Island
2020-08-03,0,0,other,0,0,Prince Edward Island
2020-08-04,0,0,other,0,0,Prince Edward Island
2020-08-05,0,0,other,0,0,Prince Edward Island
2020-08-06,0,0,other,0,0,Prince Edward Island
2020-08-07,0,0,other,0,0,Prince Edward Island
2020-08-08,0,0,other,0,0,Prince Edward Island
2020-08-09,0,0,other,0,0,Prince Edward Island
2020-08-10,0,0,other,0,0,Prince Edward Island
2020-08-11,0,0,other,0,0,Prince Edward Island
2020-08-12,0,0,other,0,0,Prince Edward Island
2020-08-13,0,0,other,0,0,Prince Edward Island
2020-08-14,0,0,other,0,0,Prince Edward Island
2020-08-15,0,0,other,0,0,Prince Edward Island
2020-08-16,0,0,other,0,0,Prince Edward Island
2020-08-17,0,0,other,0,0,Prince Edward Island
2020-08-18,0,0,other,0,0,Prince Edward Island
2020-08-19,0,0,other,0,0,Prince Edward Island
2020-08-20,0,0,other,0,0,Prince Edward Island
2020-08-21,0,0,other,0,0,Prince Edward Island
2020-08-22,0,0,other,0,0,Prince Edward Island
2020-08-23,0,0,other,0,0,Prince Edward Island
2020-08-24,0,0,other,0,0,Prince Edward Island
2020-08-25,0,0,other,0,0,Prince Edward Island
2020-08-26,0,0,other,0,0,Prince Edward Island
2020-08-27,0,0,other,0,0,Prince Edward Island
2020-08-28,0,0,other,0,0,Prince Edward Island
2020-08-29,0,0,other,0,0,Prince Edward Island
2020-08-30,0,0,other,0,0,Prince Edward Island
2020-08-31,0,0,other,0,0,Prince Edward Island
2020-09-01,0,0,other,0,0,Prince Edward Island
2020-09-02,0,0,other,0,0,Prince Edward Island
2020-09-03,0,0,other,0,0,Prince Edward Island
2020-09-04,0,0,other,0,0,Prince Edward Island
2020-09-05,0,0,other,0,0,Prince Edward Island
2020-09-06,0,0,other,0,0,Prince Edward Island
2020-09-07,0,0,other,0,0,Prince Edward Island
2020-09-08,0,0,other,0,0,Prince Edward Island
2020-09-09,0,0,other,0,0,Prince Edward Island
2020-09-10,0,0,other,0,0,Prince Edward Island
2020-09-11,0,0,other,0,0,Prince Edward Island
2020-09-12,0,0,other,0,0,Prince Edward Island
2020-09-13,0,0,other,0,0,Prince Edward Island
2020-09-14,0,0,other,0,0,Prince Edward Island
2020-09-15,0,0,other,0,0,Prince Edward Island
2020-09-16,0,0,other,0,0,Prince Edward Island
2020-09-17,0,0,other,0,0,Prince Edward Island
2020-09-18,0,0,other,0,0,Prince Edward Island
2020-09-19,0,0,other,0,0,Prince Edward Island
2020-09-20,0,0,other,0,0,Prince Edward Island
2020-09-21,0,0,other,0,0,Prince Edward Island
2020-09-22,0,0,other,0,0,Prince Edward Island
2020-09-23,0,0,other,0,0,Prince Edward Island
2020-09-24,0,0,other,0,0,Prince Edward Island
2020-09-25,0,0,other,0,0,Prince Edward Island
2020-09-26,0,0,other,0,0,Prince Edward Island
2020-09-27,0,0,other,0,0,Prince Edward Island
2020-09-28,0,0,other,0,0,Prince Edward Island
2020-09-29,0,0,other,0,0,Prince Edward Island
2020-09-30,0,0,other,0,0,Prince Edward Island
2020-10-01,0,0,other,0,0,Prince Edward Island
2020-10-02,0,0,other,0,0,Prince Edward Island
2020-10-03,0,0,other,0,0,Prince Edward Island
2020-10-04,0,0,other,0,0,Prince Edward Island
2020-10-05,0,0,other,0,0,Prince Edward Island
2020-10-06,0,0,other,0,0,Prince Edward Island
2020-10-07,0,0,other,0,0,Prince Edward Island
2020-10-08,0,0,other,0,0,Prince Edward Island
2020-10-09,0,0,other,0,0,Prince Edward Island
2020-10-10,0,0,other,0,0,Prince Edward Island
2020-10-11,0,0,other,0,0,Prince Edward Island
2020-10-12,0,0,other,0,0,Prince Edward Island
2020-10-13,0,0,other,0,0,Prince Edward Island
2020-10-14,0,0,other,0,0,Prince Edward Island
2020-10-15,0,0,other,0,0,Prince Edward Island
2020-10-16,0,0,other,0,0,Prince Edward Island
2020-10-17,1,1,other,1,1,Prince Edward Island
2021-08-26,2,1,p.1.17,0.5,0.4375,Prince Edward Island
