date,total_count,lineage_count,total_count_rolling,lineage_count_rolling,proportion,proportion_ci_lower,proportion_ci_upper,query_key,lineage,total_count_rolling_14,lineage_count_rolling_14,proportion_rolling_14
2021-05-19,8,1,8.75,0.25,0.0285714285714286,5.3064053418493e-05,0.237610098632903,B.1.1.7 OR Q.1 OR Q.2 OR Q.3 OR Q.4 OR Q.5 OR Q.6 OR Q.7 OR Q.8,Alpha,,,
2021-05-20,13,0,9.6,0.2,0.0208333333333333,4.7890433157582e-05,0.217196267509211,B.1.1.7 OR Q.1 OR Q.2 OR Q.3 OR Q.4 OR Q.5 OR Q.6 OR Q.7 OR Q.8,Alpha,,,
2021-06-30,1,0,1,0,0,0.000385580980755901,0.853253683690425,B.1.1.7 OR Q.1 OR Q.2 OR Q.3 OR Q.4 OR Q.5 OR Q.6 OR Q.7 OR Q.8,Alpha,,,
2021-07-02,1,0,1,0,0,0.000385580980755901,0.853253683690425,B.1.1.7 OR Q.1 OR Q.2 OR Q.3 OR Q.4 OR Q.5 OR Q.6 OR Q.7 OR Q.8,Alpha,,,
2021-07-12,1,0,1,0,0,0.000385580980755901,0.853253683690425,B.1.1.7 OR Q.1 OR Q.2 OR Q.3 OR Q.4 OR Q.5 OR Q.6 OR Q.7 OR Q.8,Alpha,,,
2021-07-13,1,0,1,0,0,0.000385580980755901,0.853253683690425,B.1.1.7 OR Q.1 OR Q.2 OR Q.3 OR Q.4 OR Q.5 OR Q.6 OR Q.7 OR Q.8,Alpha,,,
2021-07-16,1,0,1,0,0,0.000385580980755901,0.853253683690425,B.1.1.7 OR Q.1 OR Q.2 OR Q.3 OR Q.4 OR Q.5 OR Q.6 OR Q.7 OR Q.8,Alpha,,,
2021-07-20,2,0,1.5,0,0,0.000216908470030966,0.666821754401209,B.1.1.7 OR Q.1 OR Q.2 OR Q.3 OR Q.4 OR Q.5 OR Q.6 OR Q.7 OR Q.8,Alpha,,,
2021-07-26,1,0,1.5,0,0,0.000216908470030966,0.666821754401209,B.1.1.7 OR Q.1 OR Q.2 OR Q.3 OR Q.4 OR Q.5 OR Q.6 OR Q.7 OR Q.8,Alpha,,,
2021-07-27,1,0,1,0,0,0.000385580980755901,0.853253683690425,B.1.1.7 OR Q.1 OR Q.2 OR Q.3 OR Q.4 OR Q.5 OR Q.6 OR Q.7 OR Q.8,Alpha,,,
2021-08-02,2,0,1.5,0,0,0.000216908470030966,0.666821754401209,B.1.1.7 OR Q.1 OR Q.2 OR Q.3 OR Q.4 OR Q.5 OR Q.6 OR Q.7 OR Q.8,Alpha,,,
2021-08-03,1,0,1.5,0,0,0.000216908470030966,0.666821754401209,B.1.1.7 OR Q.1 OR Q.2 OR Q.3 OR Q.4 OR Q.5 OR Q.6 OR Q.7 OR Q.8,Alpha,,,
2021-08-04,1,0,1.33333333333333,0,0,0.000385580980755901,0.853253683690425,B.1.1.7 OR Q.1 OR Q.2 OR Q.3 OR Q.4 OR Q.5 OR Q.6 OR Q.7 OR Q.8,Alpha,,,
2021-08-07,1,0,1.25,0,0,0.000385580980755901,0.853253683690425,B.1.1.7 OR Q.1 OR Q.2 OR Q.3 OR Q.4 OR Q.5 OR Q.6 OR Q.7 OR Q.8,Alpha,2.5,0.0714285714285714,0.0285714285714286
2021-10-21,4,0,4,0,0,0.000115332788238275,0.44476261765764,B.1.1.7 OR Q.1 OR Q.2 OR Q.3 OR Q.4 OR Q.5 OR Q.6 OR Q.7 OR Q.8,Alpha,2.21428571428571,0,0
2021-10-22,2,0,3,0,0,0.000150636025436569,0.535583243042951,B.1.1.7 OR Q.1 OR Q.2 OR Q.3 OR Q.4 OR Q.5 OR Q.6 OR Q.7 OR Q.8,Alpha,1.42857142857143,0,0
2021-11-11,1,0,1,0,0,0.000385580980755901,0.853253683690425,B.1.1.7 OR Q.1 OR Q.2 OR Q.3 OR Q.4 OR Q.5 OR Q.6 OR Q.7 OR Q.8,Alpha,1.42857142857143,0,0
2021-11-21,1,0,1,0,0,0.000385580980755901,0.853253683690425,B.1.1.7 OR Q.1 OR Q.2 OR Q.3 OR Q.4 OR Q.5 OR Q.6 OR Q.7 OR Q.8,Alpha,1.42857142857143,0,0
2021-11-22,1,0,1,0,0,0.000385580980755901,0.853253683690425,B.1.1.7 OR Q.1 OR Q.2 OR Q.3 OR Q.4 OR Q.5 OR Q.6 OR Q.7 OR Q.8,Alpha,1.42857142857143,0,0
2021-11-26,2,0,1.33333333333333,0,0,0.000385580980755901,0.853253683690425,B.1.1.7 OR Q.1 OR Q.2 OR Q.3 OR Q.4 OR Q.5 OR Q.6 OR Q.7 OR Q.8,Alpha,1.5,0,0
2021-12-06,1,0,1,0,0,0.000385580980755901,0.853253683690425,B.1.1.7 OR Q.1 OR Q.2 OR Q.3 OR Q.4 OR Q.5 OR Q.6 OR Q.7 OR Q.8,Alpha,1.5,0,0
2021-12-09,1,0,1,0,0,0.000385580980755901,0.853253683690425,B.1.1.7 OR Q.1 OR Q.2 OR Q.3 OR Q.4 OR Q.5 OR Q.6 OR Q.7 OR Q.8,Alpha,1.42857142857143,0,0
2021-12-13,1,0,1,0,0,0.000385580980755901,0.853253683690425,B.1.1.7 OR Q.1 OR Q.2 OR Q.3 OR Q.4 OR Q.5 OR Q.6 OR Q.7 OR Q.8,Alpha,1.42857142857143,0,0
2021-12-20,1,0,1,0,0,0.000385580980755901,0.853253683690425,B.1.1.7 OR Q.1 OR Q.2 OR Q.3 OR Q.4 OR Q.5 OR Q.6 OR Q.7 OR Q.8,Alpha,1.42857142857143,0,0
2021-12-27,3,0,3,0,0,0.000150636025436569,0.535583243042951,B.1.1.7 OR Q.1 OR Q.2 OR Q.3 OR Q.4 OR Q.5 OR Q.6 OR Q.7 OR Q.8,Alpha,1.5,0,0
2021-12-29,1,0,2,0,0,0.000216908470030966,0.666821754401209,B.1.1.7 OR Q.1 OR Q.2 OR Q.3 OR Q.4 OR Q.5 OR Q.6 OR Q.7 OR Q.8,Alpha,1.5,0,0
2022-01-04,8,0,4.5,0,0,0.000115332788238275,0.44476261765764,B.1.1.7 OR Q.1 OR Q.2 OR Q.3 OR Q.4 OR Q.5 OR Q.6 OR Q.7 OR Q.8,Alpha,2,0,0
2022-01-05,13,0,10.5,0,0,4.7890433157582e-05,0.217196267509211,B.1.1.7 OR Q.1 OR Q.2 OR Q.3 OR Q.4 OR Q.5 OR Q.6 OR Q.7 OR Q.8,Alpha,2.85714285714286,0,0
2022-01-06,11,0,10.6666666666667,0,0,4.36357981421897e-05,0.199994569026208,B.1.1.7 OR Q.1 OR Q.2 OR Q.3 OR Q.4 OR Q.5 OR Q.6 OR Q.7 OR Q.8,Alpha,3.35714285714286,0,0
2022-01-07,21,0,13.25,0,0,3.70519332987658e-05,0.172619445282057,B.1.1.7 OR Q.1 OR Q.2 OR Q.3 OR Q.4 OR Q.5 OR Q.6 OR Q.7 OR Q.8,Alpha,4.71428571428571,0,0
2022-01-08,1,0,10.8,0,0,4.36357981421897e-05,0.199994569026208,B.1.1.7 OR Q.1 OR Q.2 OR Q.3 OR Q.4 OR Q.5 OR Q.6 OR Q.7 OR Q.8,Alpha,4.71428571428571,0,0
2022-01-10,6,0,10,0,0,4.7890433157582e-05,0.217196267509211,B.1.1.7 OR Q.1 OR Q.2 OR Q.3 OR Q.4 OR Q.5 OR Q.6 OR Q.7 OR Q.8,Alpha,5.07142857142857,0,0
2022-01-11,4,0,9.33333333333333,0,0,5.3064053418493e-05,0.237610098632903,B.1.1.7 OR Q.1 OR Q.2 OR Q.3 OR Q.4 OR Q.5 OR Q.6 OR Q.7 OR Q.8,Alpha,5.28571428571429,0,0
2022-01-12,6,0,8.16666666666667,0,0,5.94903028944023e-05,0.262217248717186,B.1.1.7 OR Q.1 OR Q.2 OR Q.3 OR Q.4 OR Q.5 OR Q.6 OR Q.7 OR Q.8,Alpha,5.57142857142857,0,0
2022-01-13,1,0,6.5,0,0,7.84998483662081e-05,0.33038890915155,B.1.1.7 OR Q.1 OR Q.2 OR Q.3 OR Q.4 OR Q.5 OR Q.6 OR Q.7 OR Q.8,Alpha,5.57142857142857,0,0
2022-01-14,1,0,3.16666666666667,0,0,0.000150636025436569,0.535583243042951,B.1.1.7 OR Q.1 OR Q.2 OR Q.3 OR Q.4 OR Q.5 OR Q.6 OR Q.7 OR Q.8,Alpha,5.57142857142857,0,0
2021-10-21,4,4,4,4,1,0.555237382342361,0.999884667211762,AY.1 OR AY.2 OR AY.3 OR AY.3.1 OR AY.3.2 OR AY.3.3 OR AY.3.4 OR AY.4 OR AY.4.1 OR AY.4.2 OR AY.4.2.1 OR AY.4.2.2 OR AY.4.2.3 OR AY.4.2.4 OR AY.4.2.5 OR AY.4.3 OR AY.4.4 OR AY.4.5 OR AY.4.6 OR AY.4.7 OR AY.4.8 OR AY.4.9 OR AY.4.10 OR AY.4.11 OR AY.4.12 OR AY.4.13 OR AY.4.14 OR AY.4.15 OR AY.4.16 OR AY.4.17 OR AY.5 OR AY.5.1 OR AY.5.2 OR AY.5.3 OR AY.5.4 OR AY.5.5 OR AY.5.6 OR AY.5.7 OR AY.6 OR AY.7 OR AY.7.1 OR AY.7.2 OR AY.8 OR AY.9 OR AY.9.1 OR AY.9.2 OR AY.9.2.1 OR AY.9.2.2 OR AY.10 OR AY.11 OR AY.12 OR AY.13 OR AY.14 OR AY.15 OR AY.16 OR AY.16.1 OR AY.17 OR AY.18 OR AY.19 OR AY.20 OR AY.20.1 OR AY.21 OR AY.22 OR AY.23 OR AY.23.1 OR AY.23.2 OR AY.24 OR AY.24.1 OR AY.25 OR AY.25.1 OR AY.25.1.1 OR AY.25.1.2 OR AY.25.2 OR AY.25.3 OR AY.26 OR AY.26.1 OR AY.27 OR AY.28 OR AY.29 OR AY.29.1 OR AY.29.2 OR AY.30 OR AY.31 OR AY.32 OR AY.33 OR AY.33.1 OR AY.33.2 OR AY.34 OR AY.34.1 OR AY.34.1.1 OR AY.34.2 OR AY.35 OR AY.36 OR AY.36.1 OR AY.37 OR AY.38 OR AY.39 OR AY.39.1 OR AY.39.1.1 OR AY.39.1.2 OR AY.39.1.3 OR AY.39.1.4 OR AY.39.2 OR AY.39.3 OR AY.39.4 OR AY.40 OR AY.41 OR AY.42 OR AY.42.1 OR AY.43 OR AY.43.1 OR AY.43.2 OR AY.43.3 OR AY.43.4 OR AY.43.5 OR AY.43.6 OR AY.43.7 OR AY.43.8 OR AY.43.9 OR AY.44 OR AY.45 OR AY.46 OR AY.46.1 OR AY.46.2 OR AY.46.3 OR AY.46.4 OR AY.46.5 OR AY.46.6 OR AY.46.6.1 OR AY.47 OR AY.48 OR AY.49 OR AY.50 OR AY.51 OR AY.52 OR AY.53 OR AY.54 OR AY.55 OR AY.56 OR AY.57 OR AY.58 OR AY.59 OR AY.60 OR AY.61 OR AY.62 OR AY.63 OR AY.64 OR AY.65 OR AY.66 OR AY.67 OR AY.68 OR AY.69 OR AY.70 OR AY.71 OR AY.72 OR AY.73 OR AY.74 OR AY.75 OR AY.75.1 OR AY.75.2 OR AY.75.3 OR AY.76 OR AY.77 OR AY.78 OR AY.79 OR AY.80 OR AY.81 OR AY.82 OR AY.83 OR AY.84 OR AY.85 OR AY.86 OR AY.87 OR AY.88 OR AY.89 OR AY.90 OR AY.91 OR AY.91.1 OR AY.92 OR AY.93 OR AY.94 OR AY.95 OR AY.96 OR AY.97 OR AY.98 OR AY.98.1 OR AY.99 OR AY.99.1 OR AY.99.2 OR AY.100 OR AY.101 OR AY.102 OR AY.102.1 OR AY.102.2 OR AY.103 OR AY.103.1 OR AY.103.2 OR AY.104 OR AY.105 OR AY.106 OR AY.107 OR AY.108 OR AY.109 OR AY.110 OR AY.111 OR AY.112 OR AY.112.1 OR AY.112.2 OR AY.112.3 OR AY.113 OR AY.114 OR AY.115 OR AY.116 OR AY.116.1 OR AY.117 OR AY.118 OR AY.119 OR AY.119.1 OR AY.119.2 OR AY.120 OR AY.120.1 OR AY.120.2 OR AY.120.2.1 OR AY.121 OR AY.121.1 OR AY.122 OR AY.122.1 OR AY.122.2 OR AY.122.3 OR AY.122.4 OR AY.122.5 OR AY.122.6 OR AY.123 OR AY.123.1 OR AY.124 OR AY.124.1 OR AY.124.1.1 OR AY.125 OR AY.125.1 OR AY.126 OR AY.127 OR AY.127.1 OR AY.127.2 OR AY.127.3 OR AY.128 OR AY.129 OR AY.130 OR AY.131 OR AY.132 OR AY.133 OR AY.134 OR B.1.617.2,Delta,,,
2021-10-22,2,2,3,3,1,0.464416756957049,0.999849363974563,AY.1 OR AY.2 OR AY.3 OR AY.3.1 OR AY.3.2 OR AY.3.3 OR AY.3.4 OR AY.4 OR AY.4.1 OR AY.4.2 OR AY.4.2.1 OR AY.4.2.2 OR AY.4.2.3 OR AY.4.2.4 OR AY.4.2.5 OR AY.4.3 OR AY.4.4 OR AY.4.5 OR AY.4.6 OR AY.4.7 OR AY.4.8 OR AY.4.9 OR AY.4.10 OR AY.4.11 OR AY.4.12 OR AY.4.13 OR AY.4.14 OR AY.4.15 OR AY.4.16 OR AY.4.17 OR AY.5 OR AY.5.1 OR AY.5.2 OR AY.5.3 OR AY.5.4 OR AY.5.5 OR AY.5.6 OR AY.5.7 OR AY.6 OR AY.7 OR AY.7.1 OR AY.7.2 OR AY.8 OR AY.9 OR AY.9.1 OR AY.9.2 OR AY.9.2.1 OR AY.9.2.2 OR AY.10 OR AY.11 OR AY.12 OR AY.13 OR AY.14 OR AY.15 OR AY.16 OR AY.16.1 OR AY.17 OR AY.18 OR AY.19 OR AY.20 OR AY.20.1 OR AY.21 OR AY.22 OR AY.23 OR AY.23.1 OR AY.23.2 OR AY.24 OR AY.24.1 OR AY.25 OR AY.25.1 OR AY.25.1.1 OR AY.25.1.2 OR AY.25.2 OR AY.25.3 OR AY.26 OR AY.26.1 OR AY.27 OR AY.28 OR AY.29 OR AY.29.1 OR AY.29.2 OR AY.30 OR AY.31 OR AY.32 OR AY.33 OR AY.33.1 OR AY.33.2 OR AY.34 OR AY.34.1 OR AY.34.1.1 OR AY.34.2 OR AY.35 OR AY.36 OR AY.36.1 OR AY.37 OR AY.38 OR AY.39 OR AY.39.1 OR AY.39.1.1 OR AY.39.1.2 OR AY.39.1.3 OR AY.39.1.4 OR AY.39.2 OR AY.39.3 OR AY.39.4 OR AY.40 OR AY.41 OR AY.42 OR AY.42.1 OR AY.43 OR AY.43.1 OR AY.43.2 OR AY.43.3 OR AY.43.4 OR AY.43.5 OR AY.43.6 OR AY.43.7 OR AY.43.8 OR AY.43.9 OR AY.44 OR AY.45 OR AY.46 OR AY.46.1 OR AY.46.2 OR AY.46.3 OR AY.46.4 OR AY.46.5 OR AY.46.6 OR AY.46.6.1 OR AY.47 OR AY.48 OR AY.49 OR AY.50 OR AY.51 OR AY.52 OR AY.53 OR AY.54 OR AY.55 OR AY.56 OR AY.57 OR AY.58 OR AY.59 OR AY.60 OR AY.61 OR AY.62 OR AY.63 OR AY.64 OR AY.65 OR AY.66 OR AY.67 OR AY.68 OR AY.69 OR AY.70 OR AY.71 OR AY.72 OR AY.73 OR AY.74 OR AY.75 OR AY.75.1 OR AY.75.2 OR AY.75.3 OR AY.76 OR AY.77 OR AY.78 OR AY.79 OR AY.80 OR AY.81 OR AY.82 OR AY.83 OR AY.84 OR AY.85 OR AY.86 OR AY.87 OR AY.88 OR AY.89 OR AY.90 OR AY.91 OR AY.91.1 OR AY.92 OR AY.93 OR AY.94 OR AY.95 OR AY.96 OR AY.97 OR AY.98 OR AY.98.1 OR AY.99 OR AY.99.1 OR AY.99.2 OR AY.100 OR AY.101 OR AY.102 OR AY.102.1 OR AY.102.2 OR AY.103 OR AY.103.1 OR AY.103.2 OR AY.104 OR AY.105 OR AY.106 OR AY.107 OR AY.108 OR AY.109 OR AY.110 OR AY.111 OR AY.112 OR AY.112.1 OR AY.112.2 OR AY.112.3 OR AY.113 OR AY.114 OR AY.115 OR AY.116 OR AY.116.1 OR AY.117 OR AY.118 OR AY.119 OR AY.119.1 OR AY.119.2 OR AY.120 OR AY.120.1 OR AY.120.2 OR AY.120.2.1 OR AY.121 OR AY.121.1 OR AY.122 OR AY.122.1 OR AY.122.2 OR AY.122.3 OR AY.122.4 OR AY.122.5 OR AY.122.6 OR AY.123 OR AY.123.1 OR AY.124 OR AY.124.1 OR AY.124.1.1 OR AY.125 OR AY.125.1 OR AY.126 OR AY.127 OR AY.127.1 OR AY.127.2 OR AY.127.3 OR AY.128 OR AY.129 OR AY.130 OR AY.131 OR AY.132 OR AY.133 OR AY.134 OR B.1.617.2,Delta,,,
2021-11-11,1,1,1,1,1,0.146746316309575,0.999614419019244,AY.1 OR AY.2 OR AY.3 OR AY.3.1 OR AY.3.2 OR AY.3.3 OR AY.3.4 OR AY.4 OR AY.4.1 OR AY.4.2 OR AY.4.2.1 OR AY.4.2.2 OR AY.4.2.3 OR AY.4.2.4 OR AY.4.2.5 OR AY.4.3 OR AY.4.4 OR AY.4.5 OR AY.4.6 OR AY.4.7 OR AY.4.8 OR AY.4.9 OR AY.4.10 OR AY.4.11 OR AY.4.12 OR AY.4.13 OR AY.4.14 OR AY.4.15 OR AY.4.16 OR AY.4.17 OR AY.5 OR AY.5.1 OR AY.5.2 OR AY.5.3 OR AY.5.4 OR AY.5.5 OR AY.5.6 OR AY.5.7 OR AY.6 OR AY.7 OR AY.7.1 OR AY.7.2 OR AY.8 OR AY.9 OR AY.9.1 OR AY.9.2 OR AY.9.2.1 OR AY.9.2.2 OR AY.10 OR AY.11 OR AY.12 OR AY.13 OR AY.14 OR AY.15 OR AY.16 OR AY.16.1 OR AY.17 OR AY.18 OR AY.19 OR AY.20 OR AY.20.1 OR AY.21 OR AY.22 OR AY.23 OR AY.23.1 OR AY.23.2 OR AY.24 OR AY.24.1 OR AY.25 OR AY.25.1 OR AY.25.1.1 OR AY.25.1.2 OR AY.25.2 OR AY.25.3 OR AY.26 OR AY.26.1 OR AY.27 OR AY.28 OR AY.29 OR AY.29.1 OR AY.29.2 OR AY.30 OR AY.31 OR AY.32 OR AY.33 OR AY.33.1 OR AY.33.2 OR AY.34 OR AY.34.1 OR AY.34.1.1 OR AY.34.2 OR AY.35 OR AY.36 OR AY.36.1 OR AY.37 OR AY.38 OR AY.39 OR AY.39.1 OR AY.39.1.1 OR AY.39.1.2 OR AY.39.1.3 OR AY.39.1.4 OR AY.39.2 OR AY.39.3 OR AY.39.4 OR AY.40 OR AY.41 OR AY.42 OR AY.42.1 OR AY.43 OR AY.43.1 OR AY.43.2 OR AY.43.3 OR AY.43.4 OR AY.43.5 OR AY.43.6 OR AY.43.7 OR AY.43.8 OR AY.43.9 OR AY.44 OR AY.45 OR AY.46 OR AY.46.1 OR AY.46.2 OR AY.46.3 OR AY.46.4 OR AY.46.5 OR AY.46.6 OR AY.46.6.1 OR AY.47 OR AY.48 OR AY.49 OR AY.50 OR AY.51 OR AY.52 OR AY.53 OR AY.54 OR AY.55 OR AY.56 OR AY.57 OR AY.58 OR AY.59 OR AY.60 OR AY.61 OR AY.62 OR AY.63 OR AY.64 OR AY.65 OR AY.66 OR AY.67 OR AY.68 OR AY.69 OR AY.70 OR AY.71 OR AY.72 OR AY.73 OR AY.74 OR AY.75 OR AY.75.1 OR AY.75.2 OR AY.75.3 OR AY.76 OR AY.77 OR AY.78 OR AY.79 OR AY.80 OR AY.81 OR AY.82 OR AY.83 OR AY.84 OR AY.85 OR AY.86 OR AY.87 OR AY.88 OR AY.89 OR AY.90 OR AY.91 OR AY.91.1 OR AY.92 OR AY.93 OR AY.94 OR AY.95 OR AY.96 OR AY.97 OR AY.98 OR AY.98.1 OR AY.99 OR AY.99.1 OR AY.99.2 OR AY.100 OR AY.101 OR AY.102 OR AY.102.1 OR AY.102.2 OR AY.103 OR AY.103.1 OR AY.103.2 OR AY.104 OR AY.105 OR AY.106 OR AY.107 OR AY.108 OR AY.109 OR AY.110 OR AY.111 OR AY.112 OR AY.112.1 OR AY.112.2 OR AY.112.3 OR AY.113 OR AY.114 OR AY.115 OR AY.116 OR AY.116.1 OR AY.117 OR AY.118 OR AY.119 OR AY.119.1 OR AY.119.2 OR AY.120 OR AY.120.1 OR AY.120.2 OR AY.120.2.1 OR AY.121 OR AY.121.1 OR AY.122 OR AY.122.1 OR AY.122.2 OR AY.122.3 OR AY.122.4 OR AY.122.5 OR AY.122.6 OR AY.123 OR AY.123.1 OR AY.124 OR AY.124.1 OR AY.124.1.1 OR AY.125 OR AY.125.1 OR AY.126 OR AY.127 OR AY.127.1 OR AY.127.2 OR AY.127.3 OR AY.128 OR AY.129 OR AY.130 OR AY.131 OR AY.132 OR AY.133 OR AY.134 OR B.1.617.2,Delta,,,
2021-11-21,1,1,1,1,1,0.146746316309575,0.999614419019244,AY.1 OR AY.2 OR AY.3 OR AY.3.1 OR AY.3.2 OR AY.3.3 OR AY.3.4 OR AY.4 OR AY.4.1 OR AY.4.2 OR AY.4.2.1 OR AY.4.2.2 OR AY.4.2.3 OR AY.4.2.4 OR AY.4.2.5 OR AY.4.3 OR AY.4.4 OR AY.4.5 OR AY.4.6 OR AY.4.7 OR AY.4.8 OR AY.4.9 OR AY.4.10 OR AY.4.11 OR AY.4.12 OR AY.4.13 OR AY.4.14 OR AY.4.15 OR AY.4.16 OR AY.4.17 OR AY.5 OR AY.5.1 OR AY.5.2 OR AY.5.3 OR AY.5.4 OR AY.5.5 OR AY.5.6 OR AY.5.7 OR AY.6 OR AY.7 OR AY.7.1 OR AY.7.2 OR AY.8 OR AY.9 OR AY.9.1 OR AY.9.2 OR AY.9.2.1 OR AY.9.2.2 OR AY.10 OR AY.11 OR AY.12 OR AY.13 OR AY.14 OR AY.15 OR AY.16 OR AY.16.1 OR AY.17 OR AY.18 OR AY.19 OR AY.20 OR AY.20.1 OR AY.21 OR AY.22 OR AY.23 OR AY.23.1 OR AY.23.2 OR AY.24 OR AY.24.1 OR AY.25 OR AY.25.1 OR AY.25.1.1 OR AY.25.1.2 OR AY.25.2 OR AY.25.3 OR AY.26 OR AY.26.1 OR AY.27 OR AY.28 OR AY.29 OR AY.29.1 OR AY.29.2 OR AY.30 OR AY.31 OR AY.32 OR AY.33 OR AY.33.1 OR AY.33.2 OR AY.34 OR AY.34.1 OR AY.34.1.1 OR AY.34.2 OR AY.35 OR AY.36 OR AY.36.1 OR AY.37 OR AY.38 OR AY.39 OR AY.39.1 OR AY.39.1.1 OR AY.39.1.2 OR AY.39.1.3 OR AY.39.1.4 OR AY.39.2 OR AY.39.3 OR AY.39.4 OR AY.40 OR AY.41 OR AY.42 OR AY.42.1 OR AY.43 OR AY.43.1 OR AY.43.2 OR AY.43.3 OR AY.43.4 OR AY.43.5 OR AY.43.6 OR AY.43.7 OR AY.43.8 OR AY.43.9 OR AY.44 OR AY.45 OR AY.46 OR AY.46.1 OR AY.46.2 OR AY.46.3 OR AY.46.4 OR AY.46.5 OR AY.46.6 OR AY.46.6.1 OR AY.47 OR AY.48 OR AY.49 OR AY.50 OR AY.51 OR AY.52 OR AY.53 OR AY.54 OR AY.55 OR AY.56 OR AY.57 OR AY.58 OR AY.59 OR AY.60 OR AY.61 OR AY.62 OR AY.63 OR AY.64 OR AY.65 OR AY.66 OR AY.67 OR AY.68 OR AY.69 OR AY.70 OR AY.71 OR AY.72 OR AY.73 OR AY.74 OR AY.75 OR AY.75.1 OR AY.75.2 OR AY.75.3 OR AY.76 OR AY.77 OR AY.78 OR AY.79 OR AY.80 OR AY.81 OR AY.82 OR AY.83 OR AY.84 OR AY.85 OR AY.86 OR AY.87 OR AY.88 OR AY.89 OR AY.90 OR AY.91 OR AY.91.1 OR AY.92 OR AY.93 OR AY.94 OR AY.95 OR AY.96 OR AY.97 OR AY.98 OR AY.98.1 OR AY.99 OR AY.99.1 OR AY.99.2 OR AY.100 OR AY.101 OR AY.102 OR AY.102.1 OR AY.102.2 OR AY.103 OR AY.103.1 OR AY.103.2 OR AY.104 OR AY.105 OR AY.106 OR AY.107 OR AY.108 OR AY.109 OR AY.110 OR AY.111 OR AY.112 OR AY.112.1 OR AY.112.2 OR AY.112.3 OR AY.113 OR AY.114 OR AY.115 OR AY.116 OR AY.116.1 OR AY.117 OR AY.118 OR AY.119 OR AY.119.1 OR AY.119.2 OR AY.120 OR AY.120.1 OR AY.120.2 OR AY.120.2.1 OR AY.121 OR AY.121.1 OR AY.122 OR AY.122.1 OR AY.122.2 OR AY.122.3 OR AY.122.4 OR AY.122.5 OR AY.122.6 OR AY.123 OR AY.123.1 OR AY.124 OR AY.124.1 OR AY.124.1.1 OR AY.125 OR AY.125.1 OR AY.126 OR AY.127 OR AY.127.1 OR AY.127.2 OR AY.127.3 OR AY.128 OR AY.129 OR AY.130 OR AY.131 OR AY.132 OR AY.133 OR AY.134 OR B.1.617.2,Delta,,,
2021-11-22,1,1,1,1,1,0.146746316309575,0.999614419019244,AY.1 OR AY.2 OR AY.3 OR AY.3.1 OR AY.3.2 OR AY.3.3 OR AY.3.4 OR AY.4 OR AY.4.1 OR AY.4.2 OR AY.4.2.1 OR AY.4.2.2 OR AY.4.2.3 OR AY.4.2.4 OR AY.4.2.5 OR AY.4.3 OR AY.4.4 OR AY.4.5 OR AY.4.6 OR AY.4.7 OR AY.4.8 OR AY.4.9 OR AY.4.10 OR AY.4.11 OR AY.4.12 OR AY.4.13 OR AY.4.14 OR AY.4.15 OR AY.4.16 OR AY.4.17 OR AY.5 OR AY.5.1 OR AY.5.2 OR AY.5.3 OR AY.5.4 OR AY.5.5 OR AY.5.6 OR AY.5.7 OR AY.6 OR AY.7 OR AY.7.1 OR AY.7.2 OR AY.8 OR AY.9 OR AY.9.1 OR AY.9.2 OR AY.9.2.1 OR AY.9.2.2 OR AY.10 OR AY.11 OR AY.12 OR AY.13 OR AY.14 OR AY.15 OR AY.16 OR AY.16.1 OR AY.17 OR AY.18 OR AY.19 OR AY.20 OR AY.20.1 OR AY.21 OR AY.22 OR AY.23 OR AY.23.1 OR AY.23.2 OR AY.24 OR AY.24.1 OR AY.25 OR AY.25.1 OR AY.25.1.1 OR AY.25.1.2 OR AY.25.2 OR AY.25.3 OR AY.26 OR AY.26.1 OR AY.27 OR AY.28 OR AY.29 OR AY.29.1 OR AY.29.2 OR AY.30 OR AY.31 OR AY.32 OR AY.33 OR AY.33.1 OR AY.33.2 OR AY.34 OR AY.34.1 OR AY.34.1.1 OR AY.34.2 OR AY.35 OR AY.36 OR AY.36.1 OR AY.37 OR AY.38 OR AY.39 OR AY.39.1 OR AY.39.1.1 OR AY.39.1.2 OR AY.39.1.3 OR AY.39.1.4 OR AY.39.2 OR AY.39.3 OR AY.39.4 OR AY.40 OR AY.41 OR AY.42 OR AY.42.1 OR AY.43 OR AY.43.1 OR AY.43.2 OR AY.43.3 OR AY.43.4 OR AY.43.5 OR AY.43.6 OR AY.43.7 OR AY.43.8 OR AY.43.9 OR AY.44 OR AY.45 OR AY.46 OR AY.46.1 OR AY.46.2 OR AY.46.3 OR AY.46.4 OR AY.46.5 OR AY.46.6 OR AY.46.6.1 OR AY.47 OR AY.48 OR AY.49 OR AY.50 OR AY.51 OR AY.52 OR AY.53 OR AY.54 OR AY.55 OR AY.56 OR AY.57 OR AY.58 OR AY.59 OR AY.60 OR AY.61 OR AY.62 OR AY.63 OR AY.64 OR AY.65 OR AY.66 OR AY.67 OR AY.68 OR AY.69 OR AY.70 OR AY.71 OR AY.72 OR AY.73 OR AY.74 OR AY.75 OR AY.75.1 OR AY.75.2 OR AY.75.3 OR AY.76 OR AY.77 OR AY.78 OR AY.79 OR AY.80 OR AY.81 OR AY.82 OR AY.83 OR AY.84 OR AY.85 OR AY.86 OR AY.87 OR AY.88 OR AY.89 OR AY.90 OR AY.91 OR AY.91.1 OR AY.92 OR AY.93 OR AY.94 OR AY.95 OR AY.96 OR AY.97 OR AY.98 OR AY.98.1 OR AY.99 OR AY.99.1 OR AY.99.2 OR AY.100 OR AY.101 OR AY.102 OR AY.102.1 OR AY.102.2 OR AY.103 OR AY.103.1 OR AY.103.2 OR AY.104 OR AY.105 OR AY.106 OR AY.107 OR AY.108 OR AY.109 OR AY.110 OR AY.111 OR AY.112 OR AY.112.1 OR AY.112.2 OR AY.112.3 OR AY.113 OR AY.114 OR AY.115 OR AY.116 OR AY.116.1 OR AY.117 OR AY.118 OR AY.119 OR AY.119.1 OR AY.119.2 OR AY.120 OR AY.120.1 OR AY.120.2 OR AY.120.2.1 OR AY.121 OR AY.121.1 OR AY.122 OR AY.122.1 OR AY.122.2 OR AY.122.3 OR AY.122.4 OR AY.122.5 OR AY.122.6 OR AY.123 OR AY.123.1 OR AY.124 OR AY.124.1 OR AY.124.1.1 OR AY.125 OR AY.125.1 OR AY.126 OR AY.127 OR AY.127.1 OR AY.127.2 OR AY.127.3 OR AY.128 OR AY.129 OR AY.130 OR AY.131 OR AY.132 OR AY.133 OR AY.134 OR B.1.617.2,Delta,,,
2021-11-26,2,2,1.33333333333333,1.33333333333333,1,0.146746316309575,0.999614419019244,AY.1 OR AY.2 OR AY.3 OR AY.3.1 OR AY.3.2 OR AY.3.3 OR AY.3.4 OR AY.4 OR AY.4.1 OR AY.4.2 OR AY.4.2.1 OR AY.4.2.2 OR AY.4.2.3 OR AY.4.2.4 OR AY.4.2.5 OR AY.4.3 OR AY.4.4 OR AY.4.5 OR AY.4.6 OR AY.4.7 OR AY.4.8 OR AY.4.9 OR AY.4.10 OR AY.4.11 OR AY.4.12 OR AY.4.13 OR AY.4.14 OR AY.4.15 OR AY.4.16 OR AY.4.17 OR AY.5 OR AY.5.1 OR AY.5.2 OR AY.5.3 OR AY.5.4 OR AY.5.5 OR AY.5.6 OR AY.5.7 OR AY.6 OR AY.7 OR AY.7.1 OR AY.7.2 OR AY.8 OR AY.9 OR AY.9.1 OR AY.9.2 OR AY.9.2.1 OR AY.9.2.2 OR AY.10 OR AY.11 OR AY.12 OR AY.13 OR AY.14 OR AY.15 OR AY.16 OR AY.16.1 OR AY.17 OR AY.18 OR AY.19 OR AY.20 OR AY.20.1 OR AY.21 OR AY.22 OR AY.23 OR AY.23.1 OR AY.23.2 OR AY.24 OR AY.24.1 OR AY.25 OR AY.25.1 OR AY.25.1.1 OR AY.25.1.2 OR AY.25.2 OR AY.25.3 OR AY.26 OR AY.26.1 OR AY.27 OR AY.28 OR AY.29 OR AY.29.1 OR AY.29.2 OR AY.30 OR AY.31 OR AY.32 OR AY.33 OR AY.33.1 OR AY.33.2 OR AY.34 OR AY.34.1 OR AY.34.1.1 OR AY.34.2 OR AY.35 OR AY.36 OR AY.36.1 OR AY.37 OR AY.38 OR AY.39 OR AY.39.1 OR AY.39.1.1 OR AY.39.1.2 OR AY.39.1.3 OR AY.39.1.4 OR AY.39.2 OR AY.39.3 OR AY.39.4 OR AY.40 OR AY.41 OR AY.42 OR AY.42.1 OR AY.43 OR AY.43.1 OR AY.43.2 OR AY.43.3 OR AY.43.4 OR AY.43.5 OR AY.43.6 OR AY.43.7 OR AY.43.8 OR AY.43.9 OR AY.44 OR AY.45 OR AY.46 OR AY.46.1 OR AY.46.2 OR AY.46.3 OR AY.46.4 OR AY.46.5 OR AY.46.6 OR AY.46.6.1 OR AY.47 OR AY.48 OR AY.49 OR AY.50 OR AY.51 OR AY.52 OR AY.53 OR AY.54 OR AY.55 OR AY.56 OR AY.57 OR AY.58 OR AY.59 OR AY.60 OR AY.61 OR AY.62 OR AY.63 OR AY.64 OR AY.65 OR AY.66 OR AY.67 OR AY.68 OR AY.69 OR AY.70 OR AY.71 OR AY.72 OR AY.73 OR AY.74 OR AY.75 OR AY.75.1 OR AY.75.2 OR AY.75.3 OR AY.76 OR AY.77 OR AY.78 OR AY.79 OR AY.80 OR AY.81 OR AY.82 OR AY.83 OR AY.84 OR AY.85 OR AY.86 OR AY.87 OR AY.88 OR AY.89 OR AY.90 OR AY.91 OR AY.91.1 OR AY.92 OR AY.93 OR AY.94 OR AY.95 OR AY.96 OR AY.97 OR AY.98 OR AY.98.1 OR AY.99 OR AY.99.1 OR AY.99.2 OR AY.100 OR AY.101 OR AY.102 OR AY.102.1 OR AY.102.2 OR AY.103 OR AY.103.1 OR AY.103.2 OR AY.104 OR AY.105 OR AY.106 OR AY.107 OR AY.108 OR AY.109 OR AY.110 OR AY.111 OR AY.112 OR AY.112.1 OR AY.112.2 OR AY.112.3 OR AY.113 OR AY.114 OR AY.115 OR AY.116 OR AY.116.1 OR AY.117 OR AY.118 OR AY.119 OR AY.119.1 OR AY.119.2 OR AY.120 OR AY.120.1 OR AY.120.2 OR AY.120.2.1 OR AY.121 OR AY.121.1 OR AY.122 OR AY.122.1 OR AY.122.2 OR AY.122.3 OR AY.122.4 OR AY.122.5 OR AY.122.6 OR AY.123 OR AY.123.1 OR AY.124 OR AY.124.1 OR AY.124.1.1 OR AY.125 OR AY.125.1 OR AY.126 OR AY.127 OR AY.127.1 OR AY.127.2 OR AY.127.3 OR AY.128 OR AY.129 OR AY.130 OR AY.131 OR AY.132 OR AY.133 OR AY.134 OR B.1.617.2,Delta,,,
2021-12-06,1,1,1,1,1,0.146746316309575,0.999614419019244,AY.1 OR AY.2 OR AY.3 OR AY.3.1 OR AY.3.2 OR AY.3.3 OR AY.3.4 OR AY.4 OR AY.4.1 OR AY.4.2 OR AY.4.2.1 OR AY.4.2.2 OR AY.4.2.3 OR AY.4.2.4 OR AY.4.2.5 OR AY.4.3 OR AY.4.4 OR AY.4.5 OR AY.4.6 OR AY.4.7 OR AY.4.8 OR AY.4.9 OR AY.4.10 OR AY.4.11 OR AY.4.12 OR AY.4.13 OR AY.4.14 OR AY.4.15 OR AY.4.16 OR AY.4.17 OR AY.5 OR AY.5.1 OR AY.5.2 OR AY.5.3 OR AY.5.4 OR AY.5.5 OR AY.5.6 OR AY.5.7 OR AY.6 OR AY.7 OR AY.7.1 OR AY.7.2 OR AY.8 OR AY.9 OR AY.9.1 OR AY.9.2 OR AY.9.2.1 OR AY.9.2.2 OR AY.10 OR AY.11 OR AY.12 OR AY.13 OR AY.14 OR AY.15 OR AY.16 OR AY.16.1 OR AY.17 OR AY.18 OR AY.19 OR AY.20 OR AY.20.1 OR AY.21 OR AY.22 OR AY.23 OR AY.23.1 OR AY.23.2 OR AY.24 OR AY.24.1 OR AY.25 OR AY.25.1 OR AY.25.1.1 OR AY.25.1.2 OR AY.25.2 OR AY.25.3 OR AY.26 OR AY.26.1 OR AY.27 OR AY.28 OR AY.29 OR AY.29.1 OR AY.29.2 OR AY.30 OR AY.31 OR AY.32 OR AY.33 OR AY.33.1 OR AY.33.2 OR AY.34 OR AY.34.1 OR AY.34.1.1 OR AY.34.2 OR AY.35 OR AY.36 OR AY.36.1 OR AY.37 OR AY.38 OR AY.39 OR AY.39.1 OR AY.39.1.1 OR AY.39.1.2 OR AY.39.1.3 OR AY.39.1.4 OR AY.39.2 OR AY.39.3 OR AY.39.4 OR AY.40 OR AY.41 OR AY.42 OR AY.42.1 OR AY.43 OR AY.43.1 OR AY.43.2 OR AY.43.3 OR AY.43.4 OR AY.43.5 OR AY.43.6 OR AY.43.7 OR AY.43.8 OR AY.43.9 OR AY.44 OR AY.45 OR AY.46 OR AY.46.1 OR AY.46.2 OR AY.46.3 OR AY.46.4 OR AY.46.5 OR AY.46.6 OR AY.46.6.1 OR AY.47 OR AY.48 OR AY.49 OR AY.50 OR AY.51 OR AY.52 OR AY.53 OR AY.54 OR AY.55 OR AY.56 OR AY.57 OR AY.58 OR AY.59 OR AY.60 OR AY.61 OR AY.62 OR AY.63 OR AY.64 OR AY.65 OR AY.66 OR AY.67 OR AY.68 OR AY.69 OR AY.70 OR AY.71 OR AY.72 OR AY.73 OR AY.74 OR AY.75 OR AY.75.1 OR AY.75.2 OR AY.75.3 OR AY.76 OR AY.77 OR AY.78 OR AY.79 OR AY.80 OR AY.81 OR AY.82 OR AY.83 OR AY.84 OR AY.85 OR AY.86 OR AY.87 OR AY.88 OR AY.89 OR AY.90 OR AY.91 OR AY.91.1 OR AY.92 OR AY.93 OR AY.94 OR AY.95 OR AY.96 OR AY.97 OR AY.98 OR AY.98.1 OR AY.99 OR AY.99.1 OR AY.99.2 OR AY.100 OR AY.101 OR AY.102 OR AY.102.1 OR AY.102.2 OR AY.103 OR AY.103.1 OR AY.103.2 OR AY.104 OR AY.105 OR AY.106 OR AY.107 OR AY.108 OR AY.109 OR AY.110 OR AY.111 OR AY.112 OR AY.112.1 OR AY.112.2 OR AY.112.3 OR AY.113 OR AY.114 OR AY.115 OR AY.116 OR AY.116.1 OR AY.117 OR AY.118 OR AY.119 OR AY.119.1 OR AY.119.2 OR AY.120 OR AY.120.1 OR AY.120.2 OR AY.120.2.1 OR AY.121 OR AY.121.1 OR AY.122 OR AY.122.1 OR AY.122.2 OR AY.122.3 OR AY.122.4 OR AY.122.5 OR AY.122.6 OR AY.123 OR AY.123.1 OR AY.124 OR AY.124.1 OR AY.124.1.1 OR AY.125 OR AY.125.1 OR AY.126 OR AY.127 OR AY.127.1 OR AY.127.2 OR AY.127.3 OR AY.128 OR AY.129 OR AY.130 OR AY.131 OR AY.132 OR AY.133 OR AY.134 OR B.1.617.2,Delta,,,
2021-12-09,1,1,1,1,1,0.146746316309575,0.999614419019244,AY.1 OR AY.2 OR AY.3 OR AY.3.1 OR AY.3.2 OR AY.3.3 OR AY.3.4 OR AY.4 OR AY.4.1 OR AY.4.2 OR AY.4.2.1 OR AY.4.2.2 OR AY.4.2.3 OR AY.4.2.4 OR AY.4.2.5 OR AY.4.3 OR AY.4.4 OR AY.4.5 OR AY.4.6 OR AY.4.7 OR AY.4.8 OR AY.4.9 OR AY.4.10 OR AY.4.11 OR AY.4.12 OR AY.4.13 OR AY.4.14 OR AY.4.15 OR AY.4.16 OR AY.4.17 OR AY.5 OR AY.5.1 OR AY.5.2 OR AY.5.3 OR AY.5.4 OR AY.5.5 OR AY.5.6 OR AY.5.7 OR AY.6 OR AY.7 OR AY.7.1 OR AY.7.2 OR AY.8 OR AY.9 OR AY.9.1 OR AY.9.2 OR AY.9.2.1 OR AY.9.2.2 OR AY.10 OR AY.11 OR AY.12 OR AY.13 OR AY.14 OR AY.15 OR AY.16 OR AY.16.1 OR AY.17 OR AY.18 OR AY.19 OR AY.20 OR AY.20.1 OR AY.21 OR AY.22 OR AY.23 OR AY.23.1 OR AY.23.2 OR AY.24 OR AY.24.1 OR AY.25 OR AY.25.1 OR AY.25.1.1 OR AY.25.1.2 OR AY.25.2 OR AY.25.3 OR AY.26 OR AY.26.1 OR AY.27 OR AY.28 OR AY.29 OR AY.29.1 OR AY.29.2 OR AY.30 OR AY.31 OR AY.32 OR AY.33 OR AY.33.1 OR AY.33.2 OR AY.34 OR AY.34.1 OR AY.34.1.1 OR AY.34.2 OR AY.35 OR AY.36 OR AY.36.1 OR AY.37 OR AY.38 OR AY.39 OR AY.39.1 OR AY.39.1.1 OR AY.39.1.2 OR AY.39.1.3 OR AY.39.1.4 OR AY.39.2 OR AY.39.3 OR AY.39.4 OR AY.40 OR AY.41 OR AY.42 OR AY.42.1 OR AY.43 OR AY.43.1 OR AY.43.2 OR AY.43.3 OR AY.43.4 OR AY.43.5 OR AY.43.6 OR AY.43.7 OR AY.43.8 OR AY.43.9 OR AY.44 OR AY.45 OR AY.46 OR AY.46.1 OR AY.46.2 OR AY.46.3 OR AY.46.4 OR AY.46.5 OR AY.46.6 OR AY.46.6.1 OR AY.47 OR AY.48 OR AY.49 OR AY.50 OR AY.51 OR AY.52 OR AY.53 OR AY.54 OR AY.55 OR AY.56 OR AY.57 OR AY.58 OR AY.59 OR AY.60 OR AY.61 OR AY.62 OR AY.63 OR AY.64 OR AY.65 OR AY.66 OR AY.67 OR AY.68 OR AY.69 OR AY.70 OR AY.71 OR AY.72 OR AY.73 OR AY.74 OR AY.75 OR AY.75.1 OR AY.75.2 OR AY.75.3 OR AY.76 OR AY.77 OR AY.78 OR AY.79 OR AY.80 OR AY.81 OR AY.82 OR AY.83 OR AY.84 OR AY.85 OR AY.86 OR AY.87 OR AY.88 OR AY.89 OR AY.90 OR AY.91 OR AY.91.1 OR AY.92 OR AY.93 OR AY.94 OR AY.95 OR AY.96 OR AY.97 OR AY.98 OR AY.98.1 OR AY.99 OR AY.99.1 OR AY.99.2 OR AY.100 OR AY.101 OR AY.102 OR AY.102.1 OR AY.102.2 OR AY.103 OR AY.103.1 OR AY.103.2 OR AY.104 OR AY.105 OR AY.106 OR AY.107 OR AY.108 OR AY.109 OR AY.110 OR AY.111 OR AY.112 OR AY.112.1 OR AY.112.2 OR AY.112.3 OR AY.113 OR AY.114 OR AY.115 OR AY.116 OR AY.116.1 OR AY.117 OR AY.118 OR AY.119 OR AY.119.1 OR AY.119.2 OR AY.120 OR AY.120.1 OR AY.120.2 OR AY.120.2.1 OR AY.121 OR AY.121.1 OR AY.122 OR AY.122.1 OR AY.122.2 OR AY.122.3 OR AY.122.4 OR AY.122.5 OR AY.122.6 OR AY.123 OR AY.123.1 OR AY.124 OR AY.124.1 OR AY.124.1.1 OR AY.125 OR AY.125.1 OR AY.126 OR AY.127 OR AY.127.1 OR AY.127.2 OR AY.127.3 OR AY.128 OR AY.129 OR AY.130 OR AY.131 OR AY.132 OR AY.133 OR AY.134 OR B.1.617.2,Delta,,,
2021-12-13,1,1,1,1,1,0.146746316309575,0.999614419019244,AY.1 OR AY.2 OR AY.3 OR AY.3.1 OR AY.3.2 OR AY.3.3 OR AY.3.4 OR AY.4 OR AY.4.1 OR AY.4.2 OR AY.4.2.1 OR AY.4.2.2 OR AY.4.2.3 OR AY.4.2.4 OR AY.4.2.5 OR AY.4.3 OR AY.4.4 OR AY.4.5 OR AY.4.6 OR AY.4.7 OR AY.4.8 OR AY.4.9 OR AY.4.10 OR AY.4.11 OR AY.4.12 OR AY.4.13 OR AY.4.14 OR AY.4.15 OR AY.4.16 OR AY.4.17 OR AY.5 OR AY.5.1 OR AY.5.2 OR AY.5.3 OR AY.5.4 OR AY.5.5 OR AY.5.6 OR AY.5.7 OR AY.6 OR AY.7 OR AY.7.1 OR AY.7.2 OR AY.8 OR AY.9 OR AY.9.1 OR AY.9.2 OR AY.9.2.1 OR AY.9.2.2 OR AY.10 OR AY.11 OR AY.12 OR AY.13 OR AY.14 OR AY.15 OR AY.16 OR AY.16.1 OR AY.17 OR AY.18 OR AY.19 OR AY.20 OR AY.20.1 OR AY.21 OR AY.22 OR AY.23 OR AY.23.1 OR AY.23.2 OR AY.24 OR AY.24.1 OR AY.25 OR AY.25.1 OR AY.25.1.1 OR AY.25.1.2 OR AY.25.2 OR AY.25.3 OR AY.26 OR AY.26.1 OR AY.27 OR AY.28 OR AY.29 OR AY.29.1 OR AY.29.2 OR AY.30 OR AY.31 OR AY.32 OR AY.33 OR AY.33.1 OR AY.33.2 OR AY.34 OR AY.34.1 OR AY.34.1.1 OR AY.34.2 OR AY.35 OR AY.36 OR AY.36.1 OR AY.37 OR AY.38 OR AY.39 OR AY.39.1 OR AY.39.1.1 OR AY.39.1.2 OR AY.39.1.3 OR AY.39.1.4 OR AY.39.2 OR AY.39.3 OR AY.39.4 OR AY.40 OR AY.41 OR AY.42 OR AY.42.1 OR AY.43 OR AY.43.1 OR AY.43.2 OR AY.43.3 OR AY.43.4 OR AY.43.5 OR AY.43.6 OR AY.43.7 OR AY.43.8 OR AY.43.9 OR AY.44 OR AY.45 OR AY.46 OR AY.46.1 OR AY.46.2 OR AY.46.3 OR AY.46.4 OR AY.46.5 OR AY.46.6 OR AY.46.6.1 OR AY.47 OR AY.48 OR AY.49 OR AY.50 OR AY.51 OR AY.52 OR AY.53 OR AY.54 OR AY.55 OR AY.56 OR AY.57 OR AY.58 OR AY.59 OR AY.60 OR AY.61 OR AY.62 OR AY.63 OR AY.64 OR AY.65 OR AY.66 OR AY.67 OR AY.68 OR AY.69 OR AY.70 OR AY.71 OR AY.72 OR AY.73 OR AY.74 OR AY.75 OR AY.75.1 OR AY.75.2 OR AY.75.3 OR AY.76 OR AY.77 OR AY.78 OR AY.79 OR AY.80 OR AY.81 OR AY.82 OR AY.83 OR AY.84 OR AY.85 OR AY.86 OR AY.87 OR AY.88 OR AY.89 OR AY.90 OR AY.91 OR AY.91.1 OR AY.92 OR AY.93 OR AY.94 OR AY.95 OR AY.96 OR AY.97 OR AY.98 OR AY.98.1 OR AY.99 OR AY.99.1 OR AY.99.2 OR AY.100 OR AY.101 OR AY.102 OR AY.102.1 OR AY.102.2 OR AY.103 OR AY.103.1 OR AY.103.2 OR AY.104 OR AY.105 OR AY.106 OR AY.107 OR AY.108 OR AY.109 OR AY.110 OR AY.111 OR AY.112 OR AY.112.1 OR AY.112.2 OR AY.112.3 OR AY.113 OR AY.114 OR AY.115 OR AY.116 OR AY.116.1 OR AY.117 OR AY.118 OR AY.119 OR AY.119.1 OR AY.119.2 OR AY.120 OR AY.120.1 OR AY.120.2 OR AY.120.2.1 OR AY.121 OR AY.121.1 OR AY.122 OR AY.122.1 OR AY.122.2 OR AY.122.3 OR AY.122.4 OR AY.122.5 OR AY.122.6 OR AY.123 OR AY.123.1 OR AY.124 OR AY.124.1 OR AY.124.1.1 OR AY.125 OR AY.125.1 OR AY.126 OR AY.127 OR AY.127.1 OR AY.127.2 OR AY.127.3 OR AY.128 OR AY.129 OR AY.130 OR AY.131 OR AY.132 OR AY.133 OR AY.134 OR B.1.617.2,Delta,,,
2021-12-20,1,0,1,0,0,0.000385580980755901,0.853253683690425,AY.1 OR AY.2 OR AY.3 OR AY.3.1 OR AY.3.2 OR AY.3.3 OR AY.3.4 OR AY.4 OR AY.4.1 OR AY.4.2 OR AY.4.2.1 OR AY.4.2.2 OR AY.4.2.3 OR AY.4.2.4 OR AY.4.2.5 OR AY.4.3 OR AY.4.4 OR AY.4.5 OR AY.4.6 OR AY.4.7 OR AY.4.8 OR AY.4.9 OR AY.4.10 OR AY.4.11 OR AY.4.12 OR AY.4.13 OR AY.4.14 OR AY.4.15 OR AY.4.16 OR AY.4.17 OR AY.5 OR AY.5.1 OR AY.5.2 OR AY.5.3 OR AY.5.4 OR AY.5.5 OR AY.5.6 OR AY.5.7 OR AY.6 OR AY.7 OR AY.7.1 OR AY.7.2 OR AY.8 OR AY.9 OR AY.9.1 OR AY.9.2 OR AY.9.2.1 OR AY.9.2.2 OR AY.10 OR AY.11 OR AY.12 OR AY.13 OR AY.14 OR AY.15 OR AY.16 OR AY.16.1 OR AY.17 OR AY.18 OR AY.19 OR AY.20 OR AY.20.1 OR AY.21 OR AY.22 OR AY.23 OR AY.23.1 OR AY.23.2 OR AY.24 OR AY.24.1 OR AY.25 OR AY.25.1 OR AY.25.1.1 OR AY.25.1.2 OR AY.25.2 OR AY.25.3 OR AY.26 OR AY.26.1 OR AY.27 OR AY.28 OR AY.29 OR AY.29.1 OR AY.29.2 OR AY.30 OR AY.31 OR AY.32 OR AY.33 OR AY.33.1 OR AY.33.2 OR AY.34 OR AY.34.1 OR AY.34.1.1 OR AY.34.2 OR AY.35 OR AY.36 OR AY.36.1 OR AY.37 OR AY.38 OR AY.39 OR AY.39.1 OR AY.39.1.1 OR AY.39.1.2 OR AY.39.1.3 OR AY.39.1.4 OR AY.39.2 OR AY.39.3 OR AY.39.4 OR AY.40 OR AY.41 OR AY.42 OR AY.42.1 OR AY.43 OR AY.43.1 OR AY.43.2 OR AY.43.3 OR AY.43.4 OR AY.43.5 OR AY.43.6 OR AY.43.7 OR AY.43.8 OR AY.43.9 OR AY.44 OR AY.45 OR AY.46 OR AY.46.1 OR AY.46.2 OR AY.46.3 OR AY.46.4 OR AY.46.5 OR AY.46.6 OR AY.46.6.1 OR AY.47 OR AY.48 OR AY.49 OR AY.50 OR AY.51 OR AY.52 OR AY.53 OR AY.54 OR AY.55 OR AY.56 OR AY.57 OR AY.58 OR AY.59 OR AY.60 OR AY.61 OR AY.62 OR AY.63 OR AY.64 OR AY.65 OR AY.66 OR AY.67 OR AY.68 OR AY.69 OR AY.70 OR AY.71 OR AY.72 OR AY.73 OR AY.74 OR AY.75 OR AY.75.1 OR AY.75.2 OR AY.75.3 OR AY.76 OR AY.77 OR AY.78 OR AY.79 OR AY.80 OR AY.81 OR AY.82 OR AY.83 OR AY.84 OR AY.85 OR AY.86 OR AY.87 OR AY.88 OR AY.89 OR AY.90 OR AY.91 OR AY.91.1 OR AY.92 OR AY.93 OR AY.94 OR AY.95 OR AY.96 OR AY.97 OR AY.98 OR AY.98.1 OR AY.99 OR AY.99.1 OR AY.99.2 OR AY.100 OR AY.101 OR AY.102 OR AY.102.1 OR AY.102.2 OR AY.103 OR AY.103.1 OR AY.103.2 OR AY.104 OR AY.105 OR AY.106 OR AY.107 OR AY.108 OR AY.109 OR AY.110 OR AY.111 OR AY.112 OR AY.112.1 OR AY.112.2 OR AY.112.3 OR AY.113 OR AY.114 OR AY.115 OR AY.116 OR AY.116.1 OR AY.117 OR AY.118 OR AY.119 OR AY.119.1 OR AY.119.2 OR AY.120 OR AY.120.1 OR AY.120.2 OR AY.120.2.1 OR AY.121 OR AY.121.1 OR AY.122 OR AY.122.1 OR AY.122.2 OR AY.122.3 OR AY.122.4 OR AY.122.5 OR AY.122.6 OR AY.123 OR AY.123.1 OR AY.124 OR AY.124.1 OR AY.124.1.1 OR AY.125 OR AY.125.1 OR AY.126 OR AY.127 OR AY.127.1 OR AY.127.2 OR AY.127.3 OR AY.128 OR AY.129 OR AY.130 OR AY.131 OR AY.132 OR AY.133 OR AY.134 OR B.1.617.2,Delta,,,
2021-12-27,3,0,3,0,0,0.000150636025436569,0.535583243042951,AY.1 OR AY.2 OR AY.3 OR AY.3.1 OR AY.3.2 OR AY.3.3 OR AY.3.4 OR AY.4 OR AY.4.1 OR AY.4.2 OR AY.4.2.1 OR AY.4.2.2 OR AY.4.2.3 OR AY.4.2.4 OR AY.4.2.5 OR AY.4.3 OR AY.4.4 OR AY.4.5 OR AY.4.6 OR AY.4.7 OR AY.4.8 OR AY.4.9 OR AY.4.10 OR AY.4.11 OR AY.4.12 OR AY.4.13 OR AY.4.14 OR AY.4.15 OR AY.4.16 OR AY.4.17 OR AY.5 OR AY.5.1 OR AY.5.2 OR AY.5.3 OR AY.5.4 OR AY.5.5 OR AY.5.6 OR AY.5.7 OR AY.6 OR AY.7 OR AY.7.1 OR AY.7.2 OR AY.8 OR AY.9 OR AY.9.1 OR AY.9.2 OR AY.9.2.1 OR AY.9.2.2 OR AY.10 OR AY.11 OR AY.12 OR AY.13 OR AY.14 OR AY.15 OR AY.16 OR AY.16.1 OR AY.17 OR AY.18 OR AY.19 OR AY.20 OR AY.20.1 OR AY.21 OR AY.22 OR AY.23 OR AY.23.1 OR AY.23.2 OR AY.24 OR AY.24.1 OR AY.25 OR AY.25.1 OR AY.25.1.1 OR AY.25.1.2 OR AY.25.2 OR AY.25.3 OR AY.26 OR AY.26.1 OR AY.27 OR AY.28 OR AY.29 OR AY.29.1 OR AY.29.2 OR AY.30 OR AY.31 OR AY.32 OR AY.33 OR AY.33.1 OR AY.33.2 OR AY.34 OR AY.34.1 OR AY.34.1.1 OR AY.34.2 OR AY.35 OR AY.36 OR AY.36.1 OR AY.37 OR AY.38 OR AY.39 OR AY.39.1 OR AY.39.1.1 OR AY.39.1.2 OR AY.39.1.3 OR AY.39.1.4 OR AY.39.2 OR AY.39.3 OR AY.39.4 OR AY.40 OR AY.41 OR AY.42 OR AY.42.1 OR AY.43 OR AY.43.1 OR AY.43.2 OR AY.43.3 OR AY.43.4 OR AY.43.5 OR AY.43.6 OR AY.43.7 OR AY.43.8 OR AY.43.9 OR AY.44 OR AY.45 OR AY.46 OR AY.46.1 OR AY.46.2 OR AY.46.3 OR AY.46.4 OR AY.46.5 OR AY.46.6 OR AY.46.6.1 OR AY.47 OR AY.48 OR AY.49 OR AY.50 OR AY.51 OR AY.52 OR AY.53 OR AY.54 OR AY.55 OR AY.56 OR AY.57 OR AY.58 OR AY.59 OR AY.60 OR AY.61 OR AY.62 OR AY.63 OR AY.64 OR AY.65 OR AY.66 OR AY.67 OR AY.68 OR AY.69 OR AY.70 OR AY.71 OR AY.72 OR AY.73 OR AY.74 OR AY.75 OR AY.75.1 OR AY.75.2 OR AY.75.3 OR AY.76 OR AY.77 OR AY.78 OR AY.79 OR AY.80 OR AY.81 OR AY.82 OR AY.83 OR AY.84 OR AY.85 OR AY.86 OR AY.87 OR AY.88 OR AY.89 OR AY.90 OR AY.91 OR AY.91.1 OR AY.92 OR AY.93 OR AY.94 OR AY.95 OR AY.96 OR AY.97 OR AY.98 OR AY.98.1 OR AY.99 OR AY.99.1 OR AY.99.2 OR AY.100 OR AY.101 OR AY.102 OR AY.102.1 OR AY.102.2 OR AY.103 OR AY.103.1 OR AY.103.2 OR AY.104 OR AY.105 OR AY.106 OR AY.107 OR AY.108 OR AY.109 OR AY.110 OR AY.111 OR AY.112 OR AY.112.1 OR AY.112.2 OR AY.112.3 OR AY.113 OR AY.114 OR AY.115 OR AY.116 OR AY.116.1 OR AY.117 OR AY.118 OR AY.119 OR AY.119.1 OR AY.119.2 OR AY.120 OR AY.120.1 OR AY.120.2 OR AY.120.2.1 OR AY.121 OR AY.121.1 OR AY.122 OR AY.122.1 OR AY.122.2 OR AY.122.3 OR AY.122.4 OR AY.122.5 OR AY.122.6 OR AY.123 OR AY.123.1 OR AY.124 OR AY.124.1 OR AY.124.1.1 OR AY.125 OR AY.125.1 OR AY.126 OR AY.127 OR AY.127.1 OR AY.127.2 OR AY.127.3 OR AY.128 OR AY.129 OR AY.130 OR AY.131 OR AY.132 OR AY.133 OR AY.134 OR B.1.617.2,Delta,,,
2021-12-29,1,0,2,0,0,0.000216908470030966,0.666821754401209,AY.1 OR AY.2 OR AY.3 OR AY.3.1 OR AY.3.2 OR AY.3.3 OR AY.3.4 OR AY.4 OR AY.4.1 OR AY.4.2 OR AY.4.2.1 OR AY.4.2.2 OR AY.4.2.3 OR AY.4.2.4 OR AY.4.2.5 OR AY.4.3 OR AY.4.4 OR AY.4.5 OR AY.4.6 OR AY.4.7 OR AY.4.8 OR AY.4.9 OR AY.4.10 OR AY.4.11 OR AY.4.12 OR AY.4.13 OR AY.4.14 OR AY.4.15 OR AY.4.16 OR AY.4.17 OR AY.5 OR AY.5.1 OR AY.5.2 OR AY.5.3 OR AY.5.4 OR AY.5.5 OR AY.5.6 OR AY.5.7 OR AY.6 OR AY.7 OR AY.7.1 OR AY.7.2 OR AY.8 OR AY.9 OR AY.9.1 OR AY.9.2 OR AY.9.2.1 OR AY.9.2.2 OR AY.10 OR AY.11 OR AY.12 OR AY.13 OR AY.14 OR AY.15 OR AY.16 OR AY.16.1 OR AY.17 OR AY.18 OR AY.19 OR AY.20 OR AY.20.1 OR AY.21 OR AY.22 OR AY.23 OR AY.23.1 OR AY.23.2 OR AY.24 OR AY.24.1 OR AY.25 OR AY.25.1 OR AY.25.1.1 OR AY.25.1.2 OR AY.25.2 OR AY.25.3 OR AY.26 OR AY.26.1 OR AY.27 OR AY.28 OR AY.29 OR AY.29.1 OR AY.29.2 OR AY.30 OR AY.31 OR AY.32 OR AY.33 OR AY.33.1 OR AY.33.2 OR AY.34 OR AY.34.1 OR AY.34.1.1 OR AY.34.2 OR AY.35 OR AY.36 OR AY.36.1 OR AY.37 OR AY.38 OR AY.39 OR AY.39.1 OR AY.39.1.1 OR AY.39.1.2 OR AY.39.1.3 OR AY.39.1.4 OR AY.39.2 OR AY.39.3 OR AY.39.4 OR AY.40 OR AY.41 OR AY.42 OR AY.42.1 OR AY.43 OR AY.43.1 OR AY.43.2 OR AY.43.3 OR AY.43.4 OR AY.43.5 OR AY.43.6 OR AY.43.7 OR AY.43.8 OR AY.43.9 OR AY.44 OR AY.45 OR AY.46 OR AY.46.1 OR AY.46.2 OR AY.46.3 OR AY.46.4 OR AY.46.5 OR AY.46.6 OR AY.46.6.1 OR AY.47 OR AY.48 OR AY.49 OR AY.50 OR AY.51 OR AY.52 OR AY.53 OR AY.54 OR AY.55 OR AY.56 OR AY.57 OR AY.58 OR AY.59 OR AY.60 OR AY.61 OR AY.62 OR AY.63 OR AY.64 OR AY.65 OR AY.66 OR AY.67 OR AY.68 OR AY.69 OR AY.70 OR AY.71 OR AY.72 OR AY.73 OR AY.74 OR AY.75 OR AY.75.1 OR AY.75.2 OR AY.75.3 OR AY.76 OR AY.77 OR AY.78 OR AY.79 OR AY.80 OR AY.81 OR AY.82 OR AY.83 OR AY.84 OR AY.85 OR AY.86 OR AY.87 OR AY.88 OR AY.89 OR AY.90 OR AY.91 OR AY.91.1 OR AY.92 OR AY.93 OR AY.94 OR AY.95 OR AY.96 OR AY.97 OR AY.98 OR AY.98.1 OR AY.99 OR AY.99.1 OR AY.99.2 OR AY.100 OR AY.101 OR AY.102 OR AY.102.1 OR AY.102.2 OR AY.103 OR AY.103.1 OR AY.103.2 OR AY.104 OR AY.105 OR AY.106 OR AY.107 OR AY.108 OR AY.109 OR AY.110 OR AY.111 OR AY.112 OR AY.112.1 OR AY.112.2 OR AY.112.3 OR AY.113 OR AY.114 OR AY.115 OR AY.116 OR AY.116.1 OR AY.117 OR AY.118 OR AY.119 OR AY.119.1 OR AY.119.2 OR AY.120 OR AY.120.1 OR AY.120.2 OR AY.120.2.1 OR AY.121 OR AY.121.1 OR AY.122 OR AY.122.1 OR AY.122.2 OR AY.122.3 OR AY.122.4 OR AY.122.5 OR AY.122.6 OR AY.123 OR AY.123.1 OR AY.124 OR AY.124.1 OR AY.124.1.1 OR AY.125 OR AY.125.1 OR AY.126 OR AY.127 OR AY.127.1 OR AY.127.2 OR AY.127.3 OR AY.128 OR AY.129 OR AY.130 OR AY.131 OR AY.132 OR AY.133 OR AY.134 OR B.1.617.2,Delta,,,
2022-01-04,8,0,4.5,0,0,0.000115332788238275,0.44476261765764,AY.1 OR AY.2 OR AY.3 OR AY.3.1 OR AY.3.2 OR AY.3.3 OR AY.3.4 OR AY.4 OR AY.4.1 OR AY.4.2 OR AY.4.2.1 OR AY.4.2.2 OR AY.4.2.3 OR AY.4.2.4 OR AY.4.2.5 OR AY.4.3 OR AY.4.4 OR AY.4.5 OR AY.4.6 OR AY.4.7 OR AY.4.8 OR AY.4.9 OR AY.4.10 OR AY.4.11 OR AY.4.12 OR AY.4.13 OR AY.4.14 OR AY.4.15 OR AY.4.16 OR AY.4.17 OR AY.5 OR AY.5.1 OR AY.5.2 OR AY.5.3 OR AY.5.4 OR AY.5.5 OR AY.5.6 OR AY.5.7 OR AY.6 OR AY.7 OR AY.7.1 OR AY.7.2 OR AY.8 OR AY.9 OR AY.9.1 OR AY.9.2 OR AY.9.2.1 OR AY.9.2.2 OR AY.10 OR AY.11 OR AY.12 OR AY.13 OR AY.14 OR AY.15 OR AY.16 OR AY.16.1 OR AY.17 OR AY.18 OR AY.19 OR AY.20 OR AY.20.1 OR AY.21 OR AY.22 OR AY.23 OR AY.23.1 OR AY.23.2 OR AY.24 OR AY.24.1 OR AY.25 OR AY.25.1 OR AY.25.1.1 OR AY.25.1.2 OR AY.25.2 OR AY.25.3 OR AY.26 OR AY.26.1 OR AY.27 OR AY.28 OR AY.29 OR AY.29.1 OR AY.29.2 OR AY.30 OR AY.31 OR AY.32 OR AY.33 OR AY.33.1 OR AY.33.2 OR AY.34 OR AY.34.1 OR AY.34.1.1 OR AY.34.2 OR AY.35 OR AY.36 OR AY.36.1 OR AY.37 OR AY.38 OR AY.39 OR AY.39.1 OR AY.39.1.1 OR AY.39.1.2 OR AY.39.1.3 OR AY.39.1.4 OR AY.39.2 OR AY.39.3 OR AY.39.4 OR AY.40 OR AY.41 OR AY.42 OR AY.42.1 OR AY.43 OR AY.43.1 OR AY.43.2 OR AY.43.3 OR AY.43.4 OR AY.43.5 OR AY.43.6 OR AY.43.7 OR AY.43.8 OR AY.43.9 OR AY.44 OR AY.45 OR AY.46 OR AY.46.1 OR AY.46.2 OR AY.46.3 OR AY.46.4 OR AY.46.5 OR AY.46.6 OR AY.46.6.1 OR AY.47 OR AY.48 OR AY.49 OR AY.50 OR AY.51 OR AY.52 OR AY.53 OR AY.54 OR AY.55 OR AY.56 OR AY.57 OR AY.58 OR AY.59 OR AY.60 OR AY.61 OR AY.62 OR AY.63 OR AY.64 OR AY.65 OR AY.66 OR AY.67 OR AY.68 OR AY.69 OR AY.70 OR AY.71 OR AY.72 OR AY.73 OR AY.74 OR AY.75 OR AY.75.1 OR AY.75.2 OR AY.75.3 OR AY.76 OR AY.77 OR AY.78 OR AY.79 OR AY.80 OR AY.81 OR AY.82 OR AY.83 OR AY.84 OR AY.85 OR AY.86 OR AY.87 OR AY.88 OR AY.89 OR AY.90 OR AY.91 OR AY.91.1 OR AY.92 OR AY.93 OR AY.94 OR AY.95 OR AY.96 OR AY.97 OR AY.98 OR AY.98.1 OR AY.99 OR AY.99.1 OR AY.99.2 OR AY.100 OR AY.101 OR AY.102 OR AY.102.1 OR AY.102.2 OR AY.103 OR AY.103.1 OR AY.103.2 OR AY.104 OR AY.105 OR AY.106 OR AY.107 OR AY.108 OR AY.109 OR AY.110 OR AY.111 OR AY.112 OR AY.112.1 OR AY.112.2 OR AY.112.3 OR AY.113 OR AY.114 OR AY.115 OR AY.116 OR AY.116.1 OR AY.117 OR AY.118 OR AY.119 OR AY.119.1 OR AY.119.2 OR AY.120 OR AY.120.1 OR AY.120.2 OR AY.120.2.1 OR AY.121 OR AY.121.1 OR AY.122 OR AY.122.1 OR AY.122.2 OR AY.122.3 OR AY.122.4 OR AY.122.5 OR AY.122.6 OR AY.123 OR AY.123.1 OR AY.124 OR AY.124.1 OR AY.124.1.1 OR AY.125 OR AY.125.1 OR AY.126 OR AY.127 OR AY.127.1 OR AY.127.2 OR AY.127.3 OR AY.128 OR AY.129 OR AY.130 OR AY.131 OR AY.132 OR AY.133 OR AY.134 OR B.1.617.2,Delta,,,
2022-01-05,13,1,10.5,0.5,0.0476190476190476,4.7890433157582e-05,0.217196267509211,AY.1 OR AY.2 OR AY.3 OR AY.3.1 OR AY.3.2 OR AY.3.3 OR AY.3.4 OR AY.4 OR AY.4.1 OR AY.4.2 OR AY.4.2.1 OR AY.4.2.2 OR AY.4.2.3 OR AY.4.2.4 OR AY.4.2.5 OR AY.4.3 OR AY.4.4 OR AY.4.5 OR AY.4.6 OR AY.4.7 OR AY.4.8 OR AY.4.9 OR AY.4.10 OR AY.4.11 OR AY.4.12 OR AY.4.13 OR AY.4.14 OR AY.4.15 OR AY.4.16 OR AY.4.17 OR AY.5 OR AY.5.1 OR AY.5.2 OR AY.5.3 OR AY.5.4 OR AY.5.5 OR AY.5.6 OR AY.5.7 OR AY.6 OR AY.7 OR AY.7.1 OR AY.7.2 OR AY.8 OR AY.9 OR AY.9.1 OR AY.9.2 OR AY.9.2.1 OR AY.9.2.2 OR AY.10 OR AY.11 OR AY.12 OR AY.13 OR AY.14 OR AY.15 OR AY.16 OR AY.16.1 OR AY.17 OR AY.18 OR AY.19 OR AY.20 OR AY.20.1 OR AY.21 OR AY.22 OR AY.23 OR AY.23.1 OR AY.23.2 OR AY.24 OR AY.24.1 OR AY.25 OR AY.25.1 OR AY.25.1.1 OR AY.25.1.2 OR AY.25.2 OR AY.25.3 OR AY.26 OR AY.26.1 OR AY.27 OR AY.28 OR AY.29 OR AY.29.1 OR AY.29.2 OR AY.30 OR AY.31 OR AY.32 OR AY.33 OR AY.33.1 OR AY.33.2 OR AY.34 OR AY.34.1 OR AY.34.1.1 OR AY.34.2 OR AY.35 OR AY.36 OR AY.36.1 OR AY.37 OR AY.38 OR AY.39 OR AY.39.1 OR AY.39.1.1 OR AY.39.1.2 OR AY.39.1.3 OR AY.39.1.4 OR AY.39.2 OR AY.39.3 OR AY.39.4 OR AY.40 OR AY.41 OR AY.42 OR AY.42.1 OR AY.43 OR AY.43.1 OR AY.43.2 OR AY.43.3 OR AY.43.4 OR AY.43.5 OR AY.43.6 OR AY.43.7 OR AY.43.8 OR AY.43.9 OR AY.44 OR AY.45 OR AY.46 OR AY.46.1 OR AY.46.2 OR AY.46.3 OR AY.46.4 OR AY.46.5 OR AY.46.6 OR AY.46.6.1 OR AY.47 OR AY.48 OR AY.49 OR AY.50 OR AY.51 OR AY.52 OR AY.53 OR AY.54 OR AY.55 OR AY.56 OR AY.57 OR AY.58 OR AY.59 OR AY.60 OR AY.61 OR AY.62 OR AY.63 OR AY.64 OR AY.65 OR AY.66 OR AY.67 OR AY.68 OR AY.69 OR AY.70 OR AY.71 OR AY.72 OR AY.73 OR AY.74 OR AY.75 OR AY.75.1 OR AY.75.2 OR AY.75.3 OR AY.76 OR AY.77 OR AY.78 OR AY.79 OR AY.80 OR AY.81 OR AY.82 OR AY.83 OR AY.84 OR AY.85 OR AY.86 OR AY.87 OR AY.88 OR AY.89 OR AY.90 OR AY.91 OR AY.91.1 OR AY.92 OR AY.93 OR AY.94 OR AY.95 OR AY.96 OR AY.97 OR AY.98 OR AY.98.1 OR AY.99 OR AY.99.1 OR AY.99.2 OR AY.100 OR AY.101 OR AY.102 OR AY.102.1 OR AY.102.2 OR AY.103 OR AY.103.1 OR AY.103.2 OR AY.104 OR AY.105 OR AY.106 OR AY.107 OR AY.108 OR AY.109 OR AY.110 OR AY.111 OR AY.112 OR AY.112.1 OR AY.112.2 OR AY.112.3 OR AY.113 OR AY.114 OR AY.115 OR AY.116 OR AY.116.1 OR AY.117 OR AY.118 OR AY.119 OR AY.119.1 OR AY.119.2 OR AY.120 OR AY.120.1 OR AY.120.2 OR AY.120.2.1 OR AY.121 OR AY.121.1 OR AY.122 OR AY.122.1 OR AY.122.2 OR AY.122.3 OR AY.122.4 OR AY.122.5 OR AY.122.6 OR AY.123 OR AY.123.1 OR AY.124 OR AY.124.1 OR AY.124.1.1 OR AY.125 OR AY.125.1 OR AY.126 OR AY.127 OR AY.127.1 OR AY.127.2 OR AY.127.3 OR AY.128 OR AY.129 OR AY.130 OR AY.131 OR AY.132 OR AY.133 OR AY.134 OR B.1.617.2,Delta,2.85714285714286,1.07142857142857,0.375
2022-01-06,11,0,10.6666666666667,0.333333333333333,0.03125,4.36357981421897e-05,0.199994569026208,AY.1 OR AY.2 OR AY.3 OR AY.3.1 OR AY.3.2 OR AY.3.3 OR AY.3.4 OR AY.4 OR AY.4.1 OR AY.4.2 OR AY.4.2.1 OR AY.4.2.2 OR AY.4.2.3 OR AY.4.2.4 OR AY.4.2.5 OR AY.4.3 OR AY.4.4 OR AY.4.5 OR AY.4.6 OR AY.4.7 OR AY.4.8 OR AY.4.9 OR AY.4.10 OR AY.4.11 OR AY.4.12 OR AY.4.13 OR AY.4.14 OR AY.4.15 OR AY.4.16 OR AY.4.17 OR AY.5 OR AY.5.1 OR AY.5.2 OR AY.5.3 OR AY.5.4 OR AY.5.5 OR AY.5.6 OR AY.5.7 OR AY.6 OR AY.7 OR AY.7.1 OR AY.7.2 OR AY.8 OR AY.9 OR AY.9.1 OR AY.9.2 OR AY.9.2.1 OR AY.9.2.2 OR AY.10 OR AY.11 OR AY.12 OR AY.13 OR AY.14 OR AY.15 OR AY.16 OR AY.16.1 OR AY.17 OR AY.18 OR AY.19 OR AY.20 OR AY.20.1 OR AY.21 OR AY.22 OR AY.23 OR AY.23.1 OR AY.23.2 OR AY.24 OR AY.24.1 OR AY.25 OR AY.25.1 OR AY.25.1.1 OR AY.25.1.2 OR AY.25.2 OR AY.25.3 OR AY.26 OR AY.26.1 OR AY.27 OR AY.28 OR AY.29 OR AY.29.1 OR AY.29.2 OR AY.30 OR AY.31 OR AY.32 OR AY.33 OR AY.33.1 OR AY.33.2 OR AY.34 OR AY.34.1 OR AY.34.1.1 OR AY.34.2 OR AY.35 OR AY.36 OR AY.36.1 OR AY.37 OR AY.38 OR AY.39 OR AY.39.1 OR AY.39.1.1 OR AY.39.1.2 OR AY.39.1.3 OR AY.39.1.4 OR AY.39.2 OR AY.39.3 OR AY.39.4 OR AY.40 OR AY.41 OR AY.42 OR AY.42.1 OR AY.43 OR AY.43.1 OR AY.43.2 OR AY.43.3 OR AY.43.4 OR AY.43.5 OR AY.43.6 OR AY.43.7 OR AY.43.8 OR AY.43.9 OR AY.44 OR AY.45 OR AY.46 OR AY.46.1 OR AY.46.2 OR AY.46.3 OR AY.46.4 OR AY.46.5 OR AY.46.6 OR AY.46.6.1 OR AY.47 OR AY.48 OR AY.49 OR AY.50 OR AY.51 OR AY.52 OR AY.53 OR AY.54 OR AY.55 OR AY.56 OR AY.57 OR AY.58 OR AY.59 OR AY.60 OR AY.61 OR AY.62 OR AY.63 OR AY.64 OR AY.65 OR AY.66 OR AY.67 OR AY.68 OR AY.69 OR AY.70 OR AY.71 OR AY.72 OR AY.73 OR AY.74 OR AY.75 OR AY.75.1 OR AY.75.2 OR AY.75.3 OR AY.76 OR AY.77 OR AY.78 OR AY.79 OR AY.80 OR AY.81 OR AY.82 OR AY.83 OR AY.84 OR AY.85 OR AY.86 OR AY.87 OR AY.88 OR AY.89 OR AY.90 OR AY.91 OR AY.91.1 OR AY.92 OR AY.93 OR AY.94 OR AY.95 OR AY.96 OR AY.97 OR AY.98 OR AY.98.1 OR AY.99 OR AY.99.1 OR AY.99.2 OR AY.100 OR AY.101 OR AY.102 OR AY.102.1 OR AY.102.2 OR AY.103 OR AY.103.1 OR AY.103.2 OR AY.104 OR AY.105 OR AY.106 OR AY.107 OR AY.108 OR AY.109 OR AY.110 OR AY.111 OR AY.112 OR AY.112.1 OR AY.112.2 OR AY.112.3 OR AY.113 OR AY.114 OR AY.115 OR AY.116 OR AY.116.1 OR AY.117 OR AY.118 OR AY.119 OR AY.119.1 OR AY.119.2 OR AY.120 OR AY.120.1 OR AY.120.2 OR AY.120.2.1 OR AY.121 OR AY.121.1 OR AY.122 OR AY.122.1 OR AY.122.2 OR AY.122.3 OR AY.122.4 OR AY.122.5 OR AY.122.6 OR AY.123 OR AY.123.1 OR AY.124 OR AY.124.1 OR AY.124.1.1 OR AY.125 OR AY.125.1 OR AY.126 OR AY.127 OR AY.127.1 OR AY.127.2 OR AY.127.3 OR AY.128 OR AY.129 OR AY.130 OR AY.131 OR AY.132 OR AY.133 OR AY.134 OR B.1.617.2,Delta,3.35714285714286,0.785714285714286,0.234042553191489
2022-01-07,21,0,13.25,0.25,0.0188679245283019,3.70519332987658e-05,0.172619445282057,AY.1 OR AY.2 OR AY.3 OR AY.3.1 OR AY.3.2 OR AY.3.3 OR AY.3.4 OR AY.4 OR AY.4.1 OR AY.4.2 OR AY.4.2.1 OR AY.4.2.2 OR AY.4.2.3 OR AY.4.2.4 OR AY.4.2.5 OR AY.4.3 OR AY.4.4 OR AY.4.5 OR AY.4.6 OR AY.4.7 OR AY.4.8 OR AY.4.9 OR AY.4.10 OR AY.4.11 OR AY.4.12 OR AY.4.13 OR AY.4.14 OR AY.4.15 OR AY.4.16 OR AY.4.17 OR AY.5 OR AY.5.1 OR AY.5.2 OR AY.5.3 OR AY.5.4 OR AY.5.5 OR AY.5.6 OR AY.5.7 OR AY.6 OR AY.7 OR AY.7.1 OR AY.7.2 OR AY.8 OR AY.9 OR AY.9.1 OR AY.9.2 OR AY.9.2.1 OR AY.9.2.2 OR AY.10 OR AY.11 OR AY.12 OR AY.13 OR AY.14 OR AY.15 OR AY.16 OR AY.16.1 OR AY.17 OR AY.18 OR AY.19 OR AY.20 OR AY.20.1 OR AY.21 OR AY.22 OR AY.23 OR AY.23.1 OR AY.23.2 OR AY.24 OR AY.24.1 OR AY.25 OR AY.25.1 OR AY.25.1.1 OR AY.25.1.2 OR AY.25.2 OR AY.25.3 OR AY.26 OR AY.26.1 OR AY.27 OR AY.28 OR AY.29 OR AY.29.1 OR AY.29.2 OR AY.30 OR AY.31 OR AY.32 OR AY.33 OR AY.33.1 OR AY.33.2 OR AY.34 OR AY.34.1 OR AY.34.1.1 OR AY.34.2 OR AY.35 OR AY.36 OR AY.36.1 OR AY.37 OR AY.38 OR AY.39 OR AY.39.1 OR AY.39.1.1 OR AY.39.1.2 OR AY.39.1.3 OR AY.39.1.4 OR AY.39.2 OR AY.39.3 OR AY.39.4 OR AY.40 OR AY.41 OR AY.42 OR AY.42.1 OR AY.43 OR AY.43.1 OR AY.43.2 OR AY.43.3 OR AY.43.4 OR AY.43.5 OR AY.43.6 OR AY.43.7 OR AY.43.8 OR AY.43.9 OR AY.44 OR AY.45 OR AY.46 OR AY.46.1 OR AY.46.2 OR AY.46.3 OR AY.46.4 OR AY.46.5 OR AY.46.6 OR AY.46.6.1 OR AY.47 OR AY.48 OR AY.49 OR AY.50 OR AY.51 OR AY.52 OR AY.53 OR AY.54 OR AY.55 OR AY.56 OR AY.57 OR AY.58 OR AY.59 OR AY.60 OR AY.61 OR AY.62 OR AY.63 OR AY.64 OR AY.65 OR AY.66 OR AY.67 OR AY.68 OR AY.69 OR AY.70 OR AY.71 OR AY.72 OR AY.73 OR AY.74 OR AY.75 OR AY.75.1 OR AY.75.2 OR AY.75.3 OR AY.76 OR AY.77 OR AY.78 OR AY.79 OR AY.80 OR AY.81 OR AY.82 OR AY.83 OR AY.84 OR AY.85 OR AY.86 OR AY.87 OR AY.88 OR AY.89 OR AY.90 OR AY.91 OR AY.91.1 OR AY.92 OR AY.93 OR AY.94 OR AY.95 OR AY.96 OR AY.97 OR AY.98 OR AY.98.1 OR AY.99 OR AY.99.1 OR AY.99.2 OR AY.100 OR AY.101 OR AY.102 OR AY.102.1 OR AY.102.2 OR AY.103 OR AY.103.1 OR AY.103.2 OR AY.104 OR AY.105 OR AY.106 OR AY.107 OR AY.108 OR AY.109 OR AY.110 OR AY.111 OR AY.112 OR AY.112.1 OR AY.112.2 OR AY.112.3 OR AY.113 OR AY.114 OR AY.115 OR AY.116 OR AY.116.1 OR AY.117 OR AY.118 OR AY.119 OR AY.119.1 OR AY.119.2 OR AY.120 OR AY.120.1 OR AY.120.2 OR AY.120.2.1 OR AY.121 OR AY.121.1 OR AY.122 OR AY.122.1 OR AY.122.2 OR AY.122.3 OR AY.122.4 OR AY.122.5 OR AY.122.6 OR AY.123 OR AY.123.1 OR AY.124 OR AY.124.1 OR AY.124.1.1 OR AY.125 OR AY.125.1 OR AY.126 OR AY.127 OR AY.127.1 OR AY.127.2 OR AY.127.3 OR AY.128 OR AY.129 OR AY.130 OR AY.131 OR AY.132 OR AY.133 OR AY.134 OR B.1.617.2,Delta,4.71428571428571,0.642857142857143,0.136363636363636
2022-01-08,1,0,10.8,0.2,0.0185185185185185,4.36357981421897e-05,0.199994569026208,AY.1 OR AY.2 OR AY.3 OR AY.3.1 OR AY.3.2 OR AY.3.3 OR AY.3.4 OR AY.4 OR AY.4.1 OR AY.4.2 OR AY.4.2.1 OR AY.4.2.2 OR AY.4.2.3 OR AY.4.2.4 OR AY.4.2.5 OR AY.4.3 OR AY.4.4 OR AY.4.5 OR AY.4.6 OR AY.4.7 OR AY.4.8 OR AY.4.9 OR AY.4.10 OR AY.4.11 OR AY.4.12 OR AY.4.13 OR AY.4.14 OR AY.4.15 OR AY.4.16 OR AY.4.17 OR AY.5 OR AY.5.1 OR AY.5.2 OR AY.5.3 OR AY.5.4 OR AY.5.5 OR AY.5.6 OR AY.5.7 OR AY.6 OR AY.7 OR AY.7.1 OR AY.7.2 OR AY.8 OR AY.9 OR AY.9.1 OR AY.9.2 OR AY.9.2.1 OR AY.9.2.2 OR AY.10 OR AY.11 OR AY.12 OR AY.13 OR AY.14 OR AY.15 OR AY.16 OR AY.16.1 OR AY.17 OR AY.18 OR AY.19 OR AY.20 OR AY.20.1 OR AY.21 OR AY.22 OR AY.23 OR AY.23.1 OR AY.23.2 OR AY.24 OR AY.24.1 OR AY.25 OR AY.25.1 OR AY.25.1.1 OR AY.25.1.2 OR AY.25.2 OR AY.25.3 OR AY.26 OR AY.26.1 OR AY.27 OR AY.28 OR AY.29 OR AY.29.1 OR AY.29.2 OR AY.30 OR AY.31 OR AY.32 OR AY.33 OR AY.33.1 OR AY.33.2 OR AY.34 OR AY.34.1 OR AY.34.1.1 OR AY.34.2 OR AY.35 OR AY.36 OR AY.36.1 OR AY.37 OR AY.38 OR AY.39 OR AY.39.1 OR AY.39.1.1 OR AY.39.1.2 OR AY.39.1.3 OR AY.39.1.4 OR AY.39.2 OR AY.39.3 OR AY.39.4 OR AY.40 OR AY.41 OR AY.42 OR AY.42.1 OR AY.43 OR AY.43.1 OR AY.43.2 OR AY.43.3 OR AY.43.4 OR AY.43.5 OR AY.43.6 OR AY.43.7 OR AY.43.8 OR AY.43.9 OR AY.44 OR AY.45 OR AY.46 OR AY.46.1 OR AY.46.2 OR AY.46.3 OR AY.46.4 OR AY.46.5 OR AY.46.6 OR AY.46.6.1 OR AY.47 OR AY.48 OR AY.49 OR AY.50 OR AY.51 OR AY.52 OR AY.53 OR AY.54 OR AY.55 OR AY.56 OR AY.57 OR AY.58 OR AY.59 OR AY.60 OR AY.61 OR AY.62 OR AY.63 OR AY.64 OR AY.65 OR AY.66 OR AY.67 OR AY.68 OR AY.69 OR AY.70 OR AY.71 OR AY.72 OR AY.73 OR AY.74 OR AY.75 OR AY.75.1 OR AY.75.2 OR AY.75.3 OR AY.76 OR AY.77 OR AY.78 OR AY.79 OR AY.80 OR AY.81 OR AY.82 OR AY.83 OR AY.84 OR AY.85 OR AY.86 OR AY.87 OR AY.88 OR AY.89 OR AY.90 OR AY.91 OR AY.91.1 OR AY.92 OR AY.93 OR AY.94 OR AY.95 OR AY.96 OR AY.97 OR AY.98 OR AY.98.1 OR AY.99 OR AY.99.1 OR AY.99.2 OR AY.100 OR AY.101 OR AY.102 OR AY.102.1 OR AY.102.2 OR AY.103 OR AY.103.1 OR AY.103.2 OR AY.104 OR AY.105 OR AY.106 OR AY.107 OR AY.108 OR AY.109 OR AY.110 OR AY.111 OR AY.112 OR AY.112.1 OR AY.112.2 OR AY.112.3 OR AY.113 OR AY.114 OR AY.115 OR AY.116 OR AY.116.1 OR AY.117 OR AY.118 OR AY.119 OR AY.119.1 OR AY.119.2 OR AY.120 OR AY.120.1 OR AY.120.2 OR AY.120.2.1 OR AY.121 OR AY.121.1 OR AY.122 OR AY.122.1 OR AY.122.2 OR AY.122.3 OR AY.122.4 OR AY.122.5 OR AY.122.6 OR AY.123 OR AY.123.1 OR AY.124 OR AY.124.1 OR AY.124.1.1 OR AY.125 OR AY.125.1 OR AY.126 OR AY.127 OR AY.127.1 OR AY.127.2 OR AY.127.3 OR AY.128 OR AY.129 OR AY.130 OR AY.131 OR AY.132 OR AY.133 OR AY.134 OR B.1.617.2,Delta,4.71428571428571,0.571428571428571,0.121212121212121
2022-01-10,6,0,10,0.166666666666667,0.0166666666666667,4.7890433157582e-05,0.217196267509211,AY.1 OR AY.2 OR AY.3 OR AY.3.1 OR AY.3.2 OR AY.3.3 OR AY.3.4 OR AY.4 OR AY.4.1 OR AY.4.2 OR AY.4.2.1 OR AY.4.2.2 OR AY.4.2.3 OR AY.4.2.4 OR AY.4.2.5 OR AY.4.3 OR AY.4.4 OR AY.4.5 OR AY.4.6 OR AY.4.7 OR AY.4.8 OR AY.4.9 OR AY.4.10 OR AY.4.11 OR AY.4.12 OR AY.4.13 OR AY.4.14 OR AY.4.15 OR AY.4.16 OR AY.4.17 OR AY.5 OR AY.5.1 OR AY.5.2 OR AY.5.3 OR AY.5.4 OR AY.5.5 OR AY.5.6 OR AY.5.7 OR AY.6 OR AY.7 OR AY.7.1 OR AY.7.2 OR AY.8 OR AY.9 OR AY.9.1 OR AY.9.2 OR AY.9.2.1 OR AY.9.2.2 OR AY.10 OR AY.11 OR AY.12 OR AY.13 OR AY.14 OR AY.15 OR AY.16 OR AY.16.1 OR AY.17 OR AY.18 OR AY.19 OR AY.20 OR AY.20.1 OR AY.21 OR AY.22 OR AY.23 OR AY.23.1 OR AY.23.2 OR AY.24 OR AY.24.1 OR AY.25 OR AY.25.1 OR AY.25.1.1 OR AY.25.1.2 OR AY.25.2 OR AY.25.3 OR AY.26 OR AY.26.1 OR AY.27 OR AY.28 OR AY.29 OR AY.29.1 OR AY.29.2 OR AY.30 OR AY.31 OR AY.32 OR AY.33 OR AY.33.1 OR AY.33.2 OR AY.34 OR AY.34.1 OR AY.34.1.1 OR AY.34.2 OR AY.35 OR AY.36 OR AY.36.1 OR AY.37 OR AY.38 OR AY.39 OR AY.39.1 OR AY.39.1.1 OR AY.39.1.2 OR AY.39.1.3 OR AY.39.1.4 OR AY.39.2 OR AY.39.3 OR AY.39.4 OR AY.40 OR AY.41 OR AY.42 OR AY.42.1 OR AY.43 OR AY.43.1 OR AY.43.2 OR AY.43.3 OR AY.43.4 OR AY.43.5 OR AY.43.6 OR AY.43.7 OR AY.43.8 OR AY.43.9 OR AY.44 OR AY.45 OR AY.46 OR AY.46.1 OR AY.46.2 OR AY.46.3 OR AY.46.4 OR AY.46.5 OR AY.46.6 OR AY.46.6.1 OR AY.47 OR AY.48 OR AY.49 OR AY.50 OR AY.51 OR AY.52 OR AY.53 OR AY.54 OR AY.55 OR AY.56 OR AY.57 OR AY.58 OR AY.59 OR AY.60 OR AY.61 OR AY.62 OR AY.63 OR AY.64 OR AY.65 OR AY.66 OR AY.67 OR AY.68 OR AY.69 OR AY.70 OR AY.71 OR AY.72 OR AY.73 OR AY.74 OR AY.75 OR AY.75.1 OR AY.75.2 OR AY.75.3 OR AY.76 OR AY.77 OR AY.78 OR AY.79 OR AY.80 OR AY.81 OR AY.82 OR AY.83 OR AY.84 OR AY.85 OR AY.86 OR AY.87 OR AY.88 OR AY.89 OR AY.90 OR AY.91 OR AY.91.1 OR AY.92 OR AY.93 OR AY.94 OR AY.95 OR AY.96 OR AY.97 OR AY.98 OR AY.98.1 OR AY.99 OR AY.99.1 OR AY.99.2 OR AY.100 OR AY.101 OR AY.102 OR AY.102.1 OR AY.102.2 OR AY.103 OR AY.103.1 OR AY.103.2 OR AY.104 OR AY.105 OR AY.106 OR AY.107 OR AY.108 OR AY.109 OR AY.110 OR AY.111 OR AY.112 OR AY.112.1 OR AY.112.2 OR AY.112.3 OR AY.113 OR AY.114 OR AY.115 OR AY.116 OR AY.116.1 OR AY.117 OR AY.118 OR AY.119 OR AY.119.1 OR AY.119.2 OR AY.120 OR AY.120.1 OR AY.120.2 OR AY.120.2.1 OR AY.121 OR AY.121.1 OR AY.122 OR AY.122.1 OR AY.122.2 OR AY.122.3 OR AY.122.4 OR AY.122.5 OR AY.122.6 OR AY.123 OR AY.123.1 OR AY.124 OR AY.124.1 OR AY.124.1.1 OR AY.125 OR AY.125.1 OR AY.126 OR AY.127 OR AY.127.1 OR AY.127.2 OR AY.127.3 OR AY.128 OR AY.129 OR AY.130 OR AY.131 OR AY.132 OR AY.133 OR AY.134 OR B.1.617.2,Delta,5.07142857142857,0.5,0.0985915492957747
2022-01-11,4,0,9.33333333333333,0.166666666666667,0.0178571428571429,5.3064053418493e-05,0.237610098632903,AY.1 OR AY.2 OR AY.3 OR AY.3.1 OR AY.3.2 OR AY.3.3 OR AY.3.4 OR AY.4 OR AY.4.1 OR AY.4.2 OR AY.4.2.1 OR AY.4.2.2 OR AY.4.2.3 OR AY.4.2.4 OR AY.4.2.5 OR AY.4.3 OR AY.4.4 OR AY.4.5 OR AY.4.6 OR AY.4.7 OR AY.4.8 OR AY.4.9 OR AY.4.10 OR AY.4.11 OR AY.4.12 OR AY.4.13 OR AY.4.14 OR AY.4.15 OR AY.4.16 OR AY.4.17 OR AY.5 OR AY.5.1 OR AY.5.2 OR AY.5.3 OR AY.5.4 OR AY.5.5 OR AY.5.6 OR AY.5.7 OR AY.6 OR AY.7 OR AY.7.1 OR AY.7.2 OR AY.8 OR AY.9 OR AY.9.1 OR AY.9.2 OR AY.9.2.1 OR AY.9.2.2 OR AY.10 OR AY.11 OR AY.12 OR AY.13 OR AY.14 OR AY.15 OR AY.16 OR AY.16.1 OR AY.17 OR AY.18 OR AY.19 OR AY.20 OR AY.20.1 OR AY.21 OR AY.22 OR AY.23 OR AY.23.1 OR AY.23.2 OR AY.24 OR AY.24.1 OR AY.25 OR AY.25.1 OR AY.25.1.1 OR AY.25.1.2 OR AY.25.2 OR AY.25.3 OR AY.26 OR AY.26.1 OR AY.27 OR AY.28 OR AY.29 OR AY.29.1 OR AY.29.2 OR AY.30 OR AY.31 OR AY.32 OR AY.33 OR AY.33.1 OR AY.33.2 OR AY.34 OR AY.34.1 OR AY.34.1.1 OR AY.34.2 OR AY.35 OR AY.36 OR AY.36.1 OR AY.37 OR AY.38 OR AY.39 OR AY.39.1 OR AY.39.1.1 OR AY.39.1.2 OR AY.39.1.3 OR AY.39.1.4 OR AY.39.2 OR AY.39.3 OR AY.39.4 OR AY.40 OR AY.41 OR AY.42 OR AY.42.1 OR AY.43 OR AY.43.1 OR AY.43.2 OR AY.43.3 OR AY.43.4 OR AY.43.5 OR AY.43.6 OR AY.43.7 OR AY.43.8 OR AY.43.9 OR AY.44 OR AY.45 OR AY.46 OR AY.46.1 OR AY.46.2 OR AY.46.3 OR AY.46.4 OR AY.46.5 OR AY.46.6 OR AY.46.6.1 OR AY.47 OR AY.48 OR AY.49 OR AY.50 OR AY.51 OR AY.52 OR AY.53 OR AY.54 OR AY.55 OR AY.56 OR AY.57 OR AY.58 OR AY.59 OR AY.60 OR AY.61 OR AY.62 OR AY.63 OR AY.64 OR AY.65 OR AY.66 OR AY.67 OR AY.68 OR AY.69 OR AY.70 OR AY.71 OR AY.72 OR AY.73 OR AY.74 OR AY.75 OR AY.75.1 OR AY.75.2 OR AY.75.3 OR AY.76 OR AY.77 OR AY.78 OR AY.79 OR AY.80 OR AY.81 OR AY.82 OR AY.83 OR AY.84 OR AY.85 OR AY.86 OR AY.87 OR AY.88 OR AY.89 OR AY.90 OR AY.91 OR AY.91.1 OR AY.92 OR AY.93 OR AY.94 OR AY.95 OR AY.96 OR AY.97 OR AY.98 OR AY.98.1 OR AY.99 OR AY.99.1 OR AY.99.2 OR AY.100 OR AY.101 OR AY.102 OR AY.102.1 OR AY.102.2 OR AY.103 OR AY.103.1 OR AY.103.2 OR AY.104 OR AY.105 OR AY.106 OR AY.107 OR AY.108 OR AY.109 OR AY.110 OR AY.111 OR AY.112 OR AY.112.1 OR AY.112.2 OR AY.112.3 OR AY.113 OR AY.114 OR AY.115 OR AY.116 OR AY.116.1 OR AY.117 OR AY.118 OR AY.119 OR AY.119.1 OR AY.119.2 OR AY.120 OR AY.120.1 OR AY.120.2 OR AY.120.2.1 OR AY.121 OR AY.121.1 OR AY.122 OR AY.122.1 OR AY.122.2 OR AY.122.3 OR AY.122.4 OR AY.122.5 OR AY.122.6 OR AY.123 OR AY.123.1 OR AY.124 OR AY.124.1 OR AY.124.1.1 OR AY.125 OR AY.125.1 OR AY.126 OR AY.127 OR AY.127.1 OR AY.127.2 OR AY.127.3 OR AY.128 OR AY.129 OR AY.130 OR AY.131 OR AY.132 OR AY.133 OR AY.134 OR B.1.617.2,Delta,5.28571428571429,0.428571428571429,0.0810810810810811
2022-01-12,6,0,8.16666666666667,0,0,5.94903028944023e-05,0.262217248717186,AY.1 OR AY.2 OR AY.3 OR AY.3.1 OR AY.3.2 OR AY.3.3 OR AY.3.4 OR AY.4 OR AY.4.1 OR AY.4.2 OR AY.4.2.1 OR AY.4.2.2 OR AY.4.2.3 OR AY.4.2.4 OR AY.4.2.5 OR AY.4.3 OR AY.4.4 OR AY.4.5 OR AY.4.6 OR AY.4.7 OR AY.4.8 OR AY.4.9 OR AY.4.10 OR AY.4.11 OR AY.4.12 OR AY.4.13 OR AY.4.14 OR AY.4.15 OR AY.4.16 OR AY.4.17 OR AY.5 OR AY.5.1 OR AY.5.2 OR AY.5.3 OR AY.5.4 OR AY.5.5 OR AY.5.6 OR AY.5.7 OR AY.6 OR AY.7 OR AY.7.1 OR AY.7.2 OR AY.8 OR AY.9 OR AY.9.1 OR AY.9.2 OR AY.9.2.1 OR AY.9.2.2 OR AY.10 OR AY.11 OR AY.12 OR AY.13 OR AY.14 OR AY.15 OR AY.16 OR AY.16.1 OR AY.17 OR AY.18 OR AY.19 OR AY.20 OR AY.20.1 OR AY.21 OR AY.22 OR AY.23 OR AY.23.1 OR AY.23.2 OR AY.24 OR AY.24.1 OR AY.25 OR AY.25.1 OR AY.25.1.1 OR AY.25.1.2 OR AY.25.2 OR AY.25.3 OR AY.26 OR AY.26.1 OR AY.27 OR AY.28 OR AY.29 OR AY.29.1 OR AY.29.2 OR AY.30 OR AY.31 OR AY.32 OR AY.33 OR AY.33.1 OR AY.33.2 OR AY.34 OR AY.34.1 OR AY.34.1.1 OR AY.34.2 OR AY.35 OR AY.36 OR AY.36.1 OR AY.37 OR AY.38 OR AY.39 OR AY.39.1 OR AY.39.1.1 OR AY.39.1.2 OR AY.39.1.3 OR AY.39.1.4 OR AY.39.2 OR AY.39.3 OR AY.39.4 OR AY.40 OR AY.41 OR AY.42 OR AY.42.1 OR AY.43 OR AY.43.1 OR AY.43.2 OR AY.43.3 OR AY.43.4 OR AY.43.5 OR AY.43.6 OR AY.43.7 OR AY.43.8 OR AY.43.9 OR AY.44 OR AY.45 OR AY.46 OR AY.46.1 OR AY.46.2 OR AY.46.3 OR AY.46.4 OR AY.46.5 OR AY.46.6 OR AY.46.6.1 OR AY.47 OR AY.48 OR AY.49 OR AY.50 OR AY.51 OR AY.52 OR AY.53 OR AY.54 OR AY.55 OR AY.56 OR AY.57 OR AY.58 OR AY.59 OR AY.60 OR AY.61 OR AY.62 OR AY.63 OR AY.64 OR AY.65 OR AY.66 OR AY.67 OR AY.68 OR AY.69 OR AY.70 OR AY.71 OR AY.72 OR AY.73 OR AY.74 OR AY.75 OR AY.75.1 OR AY.75.2 OR AY.75.3 OR AY.76 OR AY.77 OR AY.78 OR AY.79 OR AY.80 OR AY.81 OR AY.82 OR AY.83 OR AY.84 OR AY.85 OR AY.86 OR AY.87 OR AY.88 OR AY.89 OR AY.90 OR AY.91 OR AY.91.1 OR AY.92 OR AY.93 OR AY.94 OR AY.95 OR AY.96 OR AY.97 OR AY.98 OR AY.98.1 OR AY.99 OR AY.99.1 OR AY.99.2 OR AY.100 OR AY.101 OR AY.102 OR AY.102.1 OR AY.102.2 OR AY.103 OR AY.103.1 OR AY.103.2 OR AY.104 OR AY.105 OR AY.106 OR AY.107 OR AY.108 OR AY.109 OR AY.110 OR AY.111 OR AY.112 OR AY.112.1 OR AY.112.2 OR AY.112.3 OR AY.113 OR AY.114 OR AY.115 OR AY.116 OR AY.116.1 OR AY.117 OR AY.118 OR AY.119 OR AY.119.1 OR AY.119.2 OR AY.120 OR AY.120.1 OR AY.120.2 OR AY.120.2.1 OR AY.121 OR AY.121.1 OR AY.122 OR AY.122.1 OR AY.122.2 OR AY.122.3 OR AY.122.4 OR AY.122.5 OR AY.122.6 OR AY.123 OR AY.123.1 OR AY.124 OR AY.124.1 OR AY.124.1.1 OR AY.125 OR AY.125.1 OR AY.126 OR AY.127 OR AY.127.1 OR AY.127.2 OR AY.127.3 OR AY.128 OR AY.129 OR AY.130 OR AY.131 OR AY.132 OR AY.133 OR AY.134 OR B.1.617.2,Delta,5.57142857142857,0.285714285714286,0.0512820512820513
2022-01-13,1,0,6.5,0,0,7.84998483662081e-05,0.33038890915155,AY.1 OR AY.2 OR AY.3 OR AY.3.1 OR AY.3.2 OR AY.3.3 OR AY.3.4 OR AY.4 OR AY.4.1 OR AY.4.2 OR AY.4.2.1 OR AY.4.2.2 OR AY.4.2.3 OR AY.4.2.4 OR AY.4.2.5 OR AY.4.3 OR AY.4.4 OR AY.4.5 OR AY.4.6 OR AY.4.7 OR AY.4.8 OR AY.4.9 OR AY.4.10 OR AY.4.11 OR AY.4.12 OR AY.4.13 OR AY.4.14 OR AY.4.15 OR AY.4.16 OR AY.4.17 OR AY.5 OR AY.5.1 OR AY.5.2 OR AY.5.3 OR AY.5.4 OR AY.5.5 OR AY.5.6 OR AY.5.7 OR AY.6 OR AY.7 OR AY.7.1 OR AY.7.2 OR AY.8 OR AY.9 OR AY.9.1 OR AY.9.2 OR AY.9.2.1 OR AY.9.2.2 OR AY.10 OR AY.11 OR AY.12 OR AY.13 OR AY.14 OR AY.15 OR AY.16 OR AY.16.1 OR AY.17 OR AY.18 OR AY.19 OR AY.20 OR AY.20.1 OR AY.21 OR AY.22 OR AY.23 OR AY.23.1 OR AY.23.2 OR AY.24 OR AY.24.1 OR AY.25 OR AY.25.1 OR AY.25.1.1 OR AY.25.1.2 OR AY.25.2 OR AY.25.3 OR AY.26 OR AY.26.1 OR AY.27 OR AY.28 OR AY.29 OR AY.29.1 OR AY.29.2 OR AY.30 OR AY.31 OR AY.32 OR AY.33 OR AY.33.1 OR AY.33.2 OR AY.34 OR AY.34.1 OR AY.34.1.1 OR AY.34.2 OR AY.35 OR AY.36 OR AY.36.1 OR AY.37 OR AY.38 OR AY.39 OR AY.39.1 OR AY.39.1.1 OR AY.39.1.2 OR AY.39.1.3 OR AY.39.1.4 OR AY.39.2 OR AY.39.3 OR AY.39.4 OR AY.40 OR AY.41 OR AY.42 OR AY.42.1 OR AY.43 OR AY.43.1 OR AY.43.2 OR AY.43.3 OR AY.43.4 OR AY.43.5 OR AY.43.6 OR AY.43.7 OR AY.43.8 OR AY.43.9 OR AY.44 OR AY.45 OR AY.46 OR AY.46.1 OR AY.46.2 OR AY.46.3 OR AY.46.4 OR AY.46.5 OR AY.46.6 OR AY.46.6.1 OR AY.47 OR AY.48 OR AY.49 OR AY.50 OR AY.51 OR AY.52 OR AY.53 OR AY.54 OR AY.55 OR AY.56 OR AY.57 OR AY.58 OR AY.59 OR AY.60 OR AY.61 OR AY.62 OR AY.63 OR AY.64 OR AY.65 OR AY.66 OR AY.67 OR AY.68 OR AY.69 OR AY.70 OR AY.71 OR AY.72 OR AY.73 OR AY.74 OR AY.75 OR AY.75.1 OR AY.75.2 OR AY.75.3 OR AY.76 OR AY.77 OR AY.78 OR AY.79 OR AY.80 OR AY.81 OR AY.82 OR AY.83 OR AY.84 OR AY.85 OR AY.86 OR AY.87 OR AY.88 OR AY.89 OR AY.90 OR AY.91 OR AY.91.1 OR AY.92 OR AY.93 OR AY.94 OR AY.95 OR AY.96 OR AY.97 OR AY.98 OR AY.98.1 OR AY.99 OR AY.99.1 OR AY.99.2 OR AY.100 OR AY.101 OR AY.102 OR AY.102.1 OR AY.102.2 OR AY.103 OR AY.103.1 OR AY.103.2 OR AY.104 OR AY.105 OR AY.106 OR AY.107 OR AY.108 OR AY.109 OR AY.110 OR AY.111 OR AY.112 OR AY.112.1 OR AY.112.2 OR AY.112.3 OR AY.113 OR AY.114 OR AY.115 OR AY.116 OR AY.116.1 OR AY.117 OR AY.118 OR AY.119 OR AY.119.1 OR AY.119.2 OR AY.120 OR AY.120.1 OR AY.120.2 OR AY.120.2.1 OR AY.121 OR AY.121.1 OR AY.122 OR AY.122.1 OR AY.122.2 OR AY.122.3 OR AY.122.4 OR AY.122.5 OR AY.122.6 OR AY.123 OR AY.123.1 OR AY.124 OR AY.124.1 OR AY.124.1.1 OR AY.125 OR AY.125.1 OR AY.126 OR AY.127 OR AY.127.1 OR AY.127.2 OR AY.127.3 OR AY.128 OR AY.129 OR AY.130 OR AY.131 OR AY.132 OR AY.133 OR AY.134 OR B.1.617.2,Delta,5.57142857142857,0.214285714285714,0.0384615384615385
2022-01-14,1,0,3.16666666666667,0,0,0.000150636025436569,0.535583243042951,AY.1 OR AY.2 OR AY.3 OR AY.3.1 OR AY.3.2 OR AY.3.3 OR AY.3.4 OR AY.4 OR AY.4.1 OR AY.4.2 OR AY.4.2.1 OR AY.4.2.2 OR AY.4.2.3 OR AY.4.2.4 OR AY.4.2.5 OR AY.4.3 OR AY.4.4 OR AY.4.5 OR AY.4.6 OR AY.4.7 OR AY.4.8 OR AY.4.9 OR AY.4.10 OR AY.4.11 OR AY.4.12 OR AY.4.13 OR AY.4.14 OR AY.4.15 OR AY.4.16 OR AY.4.17 OR AY.5 OR AY.5.1 OR AY.5.2 OR AY.5.3 OR AY.5.4 OR AY.5.5 OR AY.5.6 OR AY.5.7 OR AY.6 OR AY.7 OR AY.7.1 OR AY.7.2 OR AY.8 OR AY.9 OR AY.9.1 OR AY.9.2 OR AY.9.2.1 OR AY.9.2.2 OR AY.10 OR AY.11 OR AY.12 OR AY.13 OR AY.14 OR AY.15 OR AY.16 OR AY.16.1 OR AY.17 OR AY.18 OR AY.19 OR AY.20 OR AY.20.1 OR AY.21 OR AY.22 OR AY.23 OR AY.23.1 OR AY.23.2 OR AY.24 OR AY.24.1 OR AY.25 OR AY.25.1 OR AY.25.1.1 OR AY.25.1.2 OR AY.25.2 OR AY.25.3 OR AY.26 OR AY.26.1 OR AY.27 OR AY.28 OR AY.29 OR AY.29.1 OR AY.29.2 OR AY.30 OR AY.31 OR AY.32 OR AY.33 OR AY.33.1 OR AY.33.2 OR AY.34 OR AY.34.1 OR AY.34.1.1 OR AY.34.2 OR AY.35 OR AY.36 OR AY.36.1 OR AY.37 OR AY.38 OR AY.39 OR AY.39.1 OR AY.39.1.1 OR AY.39.1.2 OR AY.39.1.3 OR AY.39.1.4 OR AY.39.2 OR AY.39.3 OR AY.39.4 OR AY.40 OR AY.41 OR AY.42 OR AY.42.1 OR AY.43 OR AY.43.1 OR AY.43.2 OR AY.43.3 OR AY.43.4 OR AY.43.5 OR AY.43.6 OR AY.43.7 OR AY.43.8 OR AY.43.9 OR AY.44 OR AY.45 OR AY.46 OR AY.46.1 OR AY.46.2 OR AY.46.3 OR AY.46.4 OR AY.46.5 OR AY.46.6 OR AY.46.6.1 OR AY.47 OR AY.48 OR AY.49 OR AY.50 OR AY.51 OR AY.52 OR AY.53 OR AY.54 OR AY.55 OR AY.56 OR AY.57 OR AY.58 OR AY.59 OR AY.60 OR AY.61 OR AY.62 OR AY.63 OR AY.64 OR AY.65 OR AY.66 OR AY.67 OR AY.68 OR AY.69 OR AY.70 OR AY.71 OR AY.72 OR AY.73 OR AY.74 OR AY.75 OR AY.75.1 OR AY.75.2 OR AY.75.3 OR AY.76 OR AY.77 OR AY.78 OR AY.79 OR AY.80 OR AY.81 OR AY.82 OR AY.83 OR AY.84 OR AY.85 OR AY.86 OR AY.87 OR AY.88 OR AY.89 OR AY.90 OR AY.91 OR AY.91.1 OR AY.92 OR AY.93 OR AY.94 OR AY.95 OR AY.96 OR AY.97 OR AY.98 OR AY.98.1 OR AY.99 OR AY.99.1 OR AY.99.2 OR AY.100 OR AY.101 OR AY.102 OR AY.102.1 OR AY.102.2 OR AY.103 OR AY.103.1 OR AY.103.2 OR AY.104 OR AY.105 OR AY.106 OR AY.107 OR AY.108 OR AY.109 OR AY.110 OR AY.111 OR AY.112 OR AY.112.1 OR AY.112.2 OR AY.112.3 OR AY.113 OR AY.114 OR AY.115 OR AY.116 OR AY.116.1 OR AY.117 OR AY.118 OR AY.119 OR AY.119.1 OR AY.119.2 OR AY.120 OR AY.120.1 OR AY.120.2 OR AY.120.2.1 OR AY.121 OR AY.121.1 OR AY.122 OR AY.122.1 OR AY.122.2 OR AY.122.3 OR AY.122.4 OR AY.122.5 OR AY.122.6 OR AY.123 OR AY.123.1 OR AY.124 OR AY.124.1 OR AY.124.1.1 OR AY.125 OR AY.125.1 OR AY.126 OR AY.127 OR AY.127.1 OR AY.127.2 OR AY.127.3 OR AY.128 OR AY.129 OR AY.130 OR AY.131 OR AY.132 OR AY.133 OR AY.134 OR B.1.617.2,Delta,5.57142857142857,0.142857142857143,0.0256410256410256
2021-05-15,9,9,9,9,1,0.762389901367097,0.999946935946581,P.1 OR P.1.1 OR P.1.2 OR P.1.3 OR P.1.4 OR P.1.5 OR P.1.6 OR P.1.7 OR P.1.7.1 OR P.1.8 OR P.1.9 OR P.1.10 OR P.1.10.1 OR P.1.10.2 OR P.1.11 OR P.1.12 OR P.1.12.1 OR P.1.13 OR P.1.14 OR P.1.15 OR P.1.16 OR P.1.17 OR P.1.17.1,Gamma,,,
2021-05-17,12,11,10.5,10,0.952380952380952,0.78280373249079,0.999952109566842,P.1 OR P.1.1 OR P.1.2 OR P.1.3 OR P.1.4 OR P.1.5 OR P.1.6 OR P.1.7 OR P.1.7.1 OR P.1.8 OR P.1.9 OR P.1.10 OR P.1.10.1 OR P.1.10.2 OR P.1.11 OR P.1.12 OR P.1.12.1 OR P.1.13 OR P.1.14 OR P.1.15 OR P.1.16 OR P.1.17 OR P.1.17.1,Gamma,,,
2021-05-18,6,6,9,8.66666666666667,0.962962962962963,0.762389901367097,0.999946935946581,P.1 OR P.1.1 OR P.1.2 OR P.1.3 OR P.1.4 OR P.1.5 OR P.1.6 OR P.1.7 OR P.1.7.1 OR P.1.8 OR P.1.9 OR P.1.10 OR P.1.10.1 OR P.1.10.2 OR P.1.11 OR P.1.12 OR P.1.12.1 OR P.1.13 OR P.1.14 OR P.1.15 OR P.1.16 OR P.1.17 OR P.1.17.1,Gamma,,,
2021-05-19,8,7,8.75,8.25,0.942857142857143,0.585530722559467,0.98773591237838,P.1 OR P.1.1 OR P.1.2 OR P.1.3 OR P.1.4 OR P.1.5 OR P.1.6 OR P.1.7 OR P.1.7.1 OR P.1.8 OR P.1.9 OR P.1.10 OR P.1.10.1 OR P.1.10.2 OR P.1.11 OR P.1.12 OR P.1.12.1 OR P.1.13 OR P.1.14 OR P.1.15 OR P.1.16 OR P.1.17 OR P.1.17.1,Gamma,,,
2021-05-20,13,13,9.6,9.2,0.958333333333333,0.618685228933384,0.988988326236839,P.1 OR P.1.1 OR P.1.2 OR P.1.3 OR P.1.4 OR P.1.5 OR P.1.6 OR P.1.7 OR P.1.7.1 OR P.1.8 OR P.1.9 OR P.1.10 OR P.1.10.1 OR P.1.10.2 OR P.1.11 OR P.1.12 OR P.1.12.1 OR P.1.13 OR P.1.14 OR P.1.15 OR P.1.16 OR P.1.17 OR P.1.17.1,Gamma,,,
2021-06-30,1,1,1,1,1,0.146746316309575,0.999614419019244,P.1 OR P.1.1 OR P.1.2 OR P.1.3 OR P.1.4 OR P.1.5 OR P.1.6 OR P.1.7 OR P.1.7.1 OR P.1.8 OR P.1.9 OR P.1.10 OR P.1.10.1 OR P.1.10.2 OR P.1.11 OR P.1.12 OR P.1.12.1 OR P.1.13 OR P.1.14 OR P.1.15 OR P.1.16 OR P.1.17 OR P.1.17.1,Gamma,,,
2021-07-02,1,1,1,1,1,0.146746316309575,0.999614419019244,P.1 OR P.1.1 OR P.1.2 OR P.1.3 OR P.1.4 OR P.1.5 OR P.1.6 OR P.1.7 OR P.1.7.1 OR P.1.8 OR P.1.9 OR P.1.10 OR P.1.10.1 OR P.1.10.2 OR P.1.11 OR P.1.12 OR P.1.12.1 OR P.1.13 OR P.1.14 OR P.1.15 OR P.1.16 OR P.1.17 OR P.1.17.1,Gamma,,,
2021-07-12,1,1,1,1,1,0.146746316309575,0.999614419019244,P.1 OR P.1.1 OR P.1.2 OR P.1.3 OR P.1.4 OR P.1.5 OR P.1.6 OR P.1.7 OR P.1.7.1 OR P.1.8 OR P.1.9 OR P.1.10 OR P.1.10.1 OR P.1.10.2 OR P.1.11 OR P.1.12 OR P.1.12.1 OR P.1.13 OR P.1.14 OR P.1.15 OR P.1.16 OR P.1.17 OR P.1.17.1,Gamma,,,
2021-07-13,1,0,1,0.5,0.5,0.000385580980755901,0.853253683690425,P.1 OR P.1.1 OR P.1.2 OR P.1.3 OR P.1.4 OR P.1.5 OR P.1.6 OR P.1.7 OR P.1.7.1 OR P.1.8 OR P.1.9 OR P.1.10 OR P.1.10.1 OR P.1.10.2 OR P.1.11 OR P.1.12 OR P.1.12.1 OR P.1.13 OR P.1.14 OR P.1.15 OR P.1.16 OR P.1.17 OR P.1.17.1,Gamma,,,
2021-07-16,1,0,1,0.333333333333333,0.333333333333333,0.000385580980755901,0.853253683690425,P.1 OR P.1.1 OR P.1.2 OR P.1.3 OR P.1.4 OR P.1.5 OR P.1.6 OR P.1.7 OR P.1.7.1 OR P.1.8 OR P.1.9 OR P.1.10 OR P.1.10.1 OR P.1.10.2 OR P.1.11 OR P.1.12 OR P.1.12.1 OR P.1.13 OR P.1.14 OR P.1.15 OR P.1.16 OR P.1.17 OR P.1.17.1,Gamma,,,
2021-07-20,2,1,1.5,0.5,0.333333333333333,0.000216908470030966,0.666821754401209,P.1 OR P.1.1 OR P.1.2 OR P.1.3 OR P.1.4 OR P.1.5 OR P.1.6 OR P.1.7 OR P.1.7.1 OR P.1.8 OR P.1.9 OR P.1.10 OR P.1.10.1 OR P.1.10.2 OR P.1.11 OR P.1.12 OR P.1.12.1 OR P.1.13 OR P.1.14 OR P.1.15 OR P.1.16 OR P.1.17 OR P.1.17.1,Gamma,,,
2021-07-26,1,0,1.5,0.5,0.333333333333333,0.000216908470030966,0.666821754401209,P.1 OR P.1.1 OR P.1.2 OR P.1.3 OR P.1.4 OR P.1.5 OR P.1.6 OR P.1.7 OR P.1.7.1 OR P.1.8 OR P.1.9 OR P.1.10 OR P.1.10.1 OR P.1.10.2 OR P.1.11 OR P.1.12 OR P.1.12.1 OR P.1.13 OR P.1.14 OR P.1.15 OR P.1.16 OR P.1.17 OR P.1.17.1,Gamma,,,
2021-07-27,1,0,1,0,0,0.000385580980755901,0.853253683690425,P.1 OR P.1.1 OR P.1.2 OR P.1.3 OR P.1.4 OR P.1.5 OR P.1.6 OR P.1.7 OR P.1.7.1 OR P.1.8 OR P.1.9 OR P.1.10 OR P.1.10.1 OR P.1.10.2 OR P.1.11 OR P.1.12 OR P.1.12.1 OR P.1.13 OR P.1.14 OR P.1.15 OR P.1.16 OR P.1.17 OR P.1.17.1,Gamma,,,
2021-08-02,2,2,1.5,1,0.666666666666667,0.0608302759200974,0.939169724079903,P.1 OR P.1.1 OR P.1.2 OR P.1.3 OR P.1.4 OR P.1.5 OR P.1.6 OR P.1.7 OR P.1.7.1 OR P.1.8 OR P.1.9 OR P.1.10 OR P.1.10.1 OR P.1.10.2 OR P.1.11 OR P.1.12 OR P.1.12.1 OR P.1.13 OR P.1.14 OR P.1.15 OR P.1.16 OR P.1.17 OR P.1.17.1,Gamma,4.21428571428571,3.71428571428571,0.88135593220339
2021-08-03,1,1,1.5,1.5,1,0.333178245598791,0.999783091529969,P.1 OR P.1.1 OR P.1.2 OR P.1.3 OR P.1.4 OR P.1.5 OR P.1.6 OR P.1.7 OR P.1.7.1 OR P.1.8 OR P.1.9 OR P.1.10 OR P.1.10.1 OR P.1.10.2 OR P.1.11 OR P.1.12 OR P.1.12.1 OR P.1.13 OR P.1.14 OR P.1.15 OR P.1.16 OR P.1.17 OR P.1.17.1,Gamma,3.64285714285714,3.14285714285714,0.862745098039216
2021-08-04,1,1,1.33333333333333,1.33333333333333,1,0.146746316309575,0.999614419019244,P.1 OR P.1.1 OR P.1.2 OR P.1.3 OR P.1.4 OR P.1.5 OR P.1.6 OR P.1.7 OR P.1.7.1 OR P.1.8 OR P.1.9 OR P.1.10 OR P.1.10.1 OR P.1.10.2 OR P.1.11 OR P.1.12 OR P.1.12.1 OR P.1.13 OR P.1.14 OR P.1.15 OR P.1.16 OR P.1.17 OR P.1.17.1,Gamma,2.85714285714286,2.42857142857143,0.85
2021-08-07,1,1,1.25,1.25,1,0.146746316309575,0.999614419019244,P.1 OR P.1.1 OR P.1.2 OR P.1.3 OR P.1.4 OR P.1.5 OR P.1.6 OR P.1.7 OR P.1.7.1 OR P.1.8 OR P.1.9 OR P.1.10 OR P.1.10.1 OR P.1.10.2 OR P.1.11 OR P.1.12 OR P.1.12.1 OR P.1.13 OR P.1.14 OR P.1.15 OR P.1.16 OR P.1.17 OR P.1.17.1,Gamma,2.5,2.07142857142857,0.828571428571429
2021-10-21,4,0,4,0,0,0.000115332788238275,0.44476261765764,P.1 OR P.1.1 OR P.1.2 OR P.1.3 OR P.1.4 OR P.1.5 OR P.1.6 OR P.1.7 OR P.1.7.1 OR P.1.8 OR P.1.9 OR P.1.10 OR P.1.10.1 OR P.1.10.2 OR P.1.11 OR P.1.12 OR P.1.12.1 OR P.1.13 OR P.1.14 OR P.1.15 OR P.1.16 OR P.1.17 OR P.1.17.1,Gamma,2.21428571428571,1.57142857142857,0.709677419354839
2021-10-22,2,0,3,0,0,0.000150636025436569,0.535583243042951,P.1 OR P.1.1 OR P.1.2 OR P.1.3 OR P.1.4 OR P.1.5 OR P.1.6 OR P.1.7 OR P.1.7.1 OR P.1.8 OR P.1.9 OR P.1.10 OR P.1.10.1 OR P.1.10.2 OR P.1.11 OR P.1.12 OR P.1.12.1 OR P.1.13 OR P.1.14 OR P.1.15 OR P.1.16 OR P.1.17 OR P.1.17.1,Gamma,1.42857142857143,0.642857142857143,0.45
2021-11-11,1,0,1,0,0,0.000385580980755901,0.853253683690425,P.1 OR P.1.1 OR P.1.2 OR P.1.3 OR P.1.4 OR P.1.5 OR P.1.6 OR P.1.7 OR P.1.7.1 OR P.1.8 OR P.1.9 OR P.1.10 OR P.1.10.1 OR P.1.10.2 OR P.1.11 OR P.1.12 OR P.1.12.1 OR P.1.13 OR P.1.14 OR P.1.15 OR P.1.16 OR P.1.17 OR P.1.17.1,Gamma,1.42857142857143,0.571428571428571,0.4
2021-11-21,1,0,1,0,0,0.000385580980755901,0.853253683690425,P.1 OR P.1.1 OR P.1.2 OR P.1.3 OR P.1.4 OR P.1.5 OR P.1.6 OR P.1.7 OR P.1.7.1 OR P.1.8 OR P.1.9 OR P.1.10 OR P.1.10.1 OR P.1.10.2 OR P.1.11 OR P.1.12 OR P.1.12.1 OR P.1.13 OR P.1.14 OR P.1.15 OR P.1.16 OR P.1.17 OR P.1.17.1,Gamma,1.42857142857143,0.5,0.35
2021-11-22,1,0,1,0,0,0.000385580980755901,0.853253683690425,P.1 OR P.1.1 OR P.1.2 OR P.1.3 OR P.1.4 OR P.1.5 OR P.1.6 OR P.1.7 OR P.1.7.1 OR P.1.8 OR P.1.9 OR P.1.10 OR P.1.10.1 OR P.1.10.2 OR P.1.11 OR P.1.12 OR P.1.12.1 OR P.1.13 OR P.1.14 OR P.1.15 OR P.1.16 OR P.1.17 OR P.1.17.1,Gamma,1.42857142857143,0.428571428571429,0.3
2021-11-26,2,0,1.33333333333333,0,0,0.000385580980755901,0.853253683690425,P.1 OR P.1.1 OR P.1.2 OR P.1.3 OR P.1.4 OR P.1.5 OR P.1.6 OR P.1.7 OR P.1.7.1 OR P.1.8 OR P.1.9 OR P.1.10 OR P.1.10.1 OR P.1.10.2 OR P.1.11 OR P.1.12 OR P.1.12.1 OR P.1.13 OR P.1.14 OR P.1.15 OR P.1.16 OR P.1.17 OR P.1.17.1,Gamma,1.5,0.428571428571429,0.285714285714286
2021-12-06,1,0,1,0,0,0.000385580980755901,0.853253683690425,P.1 OR P.1.1 OR P.1.2 OR P.1.3 OR P.1.4 OR P.1.5 OR P.1.6 OR P.1.7 OR P.1.7.1 OR P.1.8 OR P.1.9 OR P.1.10 OR P.1.10.1 OR P.1.10.2 OR P.1.11 OR P.1.12 OR P.1.12.1 OR P.1.13 OR P.1.14 OR P.1.15 OR P.1.16 OR P.1.17 OR P.1.17.1,Gamma,1.5,0.428571428571429,0.285714285714286
2021-12-09,1,0,1,0,0,0.000385580980755901,0.853253683690425,P.1 OR P.1.1 OR P.1.2 OR P.1.3 OR P.1.4 OR P.1.5 OR P.1.6 OR P.1.7 OR P.1.7.1 OR P.1.8 OR P.1.9 OR P.1.10 OR P.1.10.1 OR P.1.10.2 OR P.1.11 OR P.1.12 OR P.1.12.1 OR P.1.13 OR P.1.14 OR P.1.15 OR P.1.16 OR P.1.17 OR P.1.17.1,Gamma,1.42857142857143,0.357142857142857,0.25
2021-12-13,1,0,1,0,0,0.000385580980755901,0.853253683690425,P.1 OR P.1.1 OR P.1.2 OR P.1.3 OR P.1.4 OR P.1.5 OR P.1.6 OR P.1.7 OR P.1.7.1 OR P.1.8 OR P.1.9 OR P.1.10 OR P.1.10.1 OR P.1.10.2 OR P.1.11 OR P.1.12 OR P.1.12.1 OR P.1.13 OR P.1.14 OR P.1.15 OR P.1.16 OR P.1.17 OR P.1.17.1,Gamma,1.42857142857143,0.357142857142857,0.25
2021-12-20,1,0,1,0,0,0.000385580980755901,0.853253683690425,P.1 OR P.1.1 OR P.1.2 OR P.1.3 OR P.1.4 OR P.1.5 OR P.1.6 OR P.1.7 OR P.1.7.1 OR P.1.8 OR P.1.9 OR P.1.10 OR P.1.10.1 OR P.1.10.2 OR P.1.11 OR P.1.12 OR P.1.12.1 OR P.1.13 OR P.1.14 OR P.1.15 OR P.1.16 OR P.1.17 OR P.1.17.1,Gamma,1.42857142857143,0.357142857142857,0.25
2021-12-27,3,0,3,0,0,0.000150636025436569,0.535583243042951,P.1 OR P.1.1 OR P.1.2 OR P.1.3 OR P.1.4 OR P.1.5 OR P.1.6 OR P.1.7 OR P.1.7.1 OR P.1.8 OR P.1.9 OR P.1.10 OR P.1.10.1 OR P.1.10.2 OR P.1.11 OR P.1.12 OR P.1.12.1 OR P.1.13 OR P.1.14 OR P.1.15 OR P.1.16 OR P.1.17 OR P.1.17.1,Gamma,1.5,0.214285714285714,0.142857142857143
2021-12-29,1,0,2,0,0,0.000216908470030966,0.666821754401209,P.1 OR P.1.1 OR P.1.2 OR P.1.3 OR P.1.4 OR P.1.5 OR P.1.6 OR P.1.7 OR P.1.7.1 OR P.1.8 OR P.1.9 OR P.1.10 OR P.1.10.1 OR P.1.10.2 OR P.1.11 OR P.1.12 OR P.1.12.1 OR P.1.13 OR P.1.14 OR P.1.15 OR P.1.16 OR P.1.17 OR P.1.17.1,Gamma,1.5,0.142857142857143,0.0952380952380952
2022-01-04,8,0,4.5,0,0,0.000115332788238275,0.44476261765764,P.1 OR P.1.1 OR P.1.2 OR P.1.3 OR P.1.4 OR P.1.5 OR P.1.6 OR P.1.7 OR P.1.7.1 OR P.1.8 OR P.1.9 OR P.1.10 OR P.1.10.1 OR P.1.10.2 OR P.1.11 OR P.1.12 OR P.1.12.1 OR P.1.13 OR P.1.14 OR P.1.15 OR P.1.16 OR P.1.17 OR P.1.17.1,Gamma,2,0.0714285714285714,0.0357142857142857
2022-01-05,13,0,10.5,0,0,4.7890433157582e-05,0.217196267509211,P.1 OR P.1.1 OR P.1.2 OR P.1.3 OR P.1.4 OR P.1.5 OR P.1.6 OR P.1.7 OR P.1.7.1 OR P.1.8 OR P.1.9 OR P.1.10 OR P.1.10.1 OR P.1.10.2 OR P.1.11 OR P.1.12 OR P.1.12.1 OR P.1.13 OR P.1.14 OR P.1.15 OR P.1.16 OR P.1.17 OR P.1.17.1,Gamma,2.85714285714286,0,0
2022-01-06,11,0,10.6666666666667,0,0,4.36357981421897e-05,0.199994569026208,P.1 OR P.1.1 OR P.1.2 OR P.1.3 OR P.1.4 OR P.1.5 OR P.1.6 OR P.1.7 OR P.1.7.1 OR P.1.8 OR P.1.9 OR P.1.10 OR P.1.10.1 OR P.1.10.2 OR P.1.11 OR P.1.12 OR P.1.12.1 OR P.1.13 OR P.1.14 OR P.1.15 OR P.1.16 OR P.1.17 OR P.1.17.1,Gamma,3.35714285714286,0,0
2022-01-07,21,0,13.25,0,0,3.70519332987658e-05,0.172619445282057,P.1 OR P.1.1 OR P.1.2 OR P.1.3 OR P.1.4 OR P.1.5 OR P.1.6 OR P.1.7 OR P.1.7.1 OR P.1.8 OR P.1.9 OR P.1.10 OR P.1.10.1 OR P.1.10.2 OR P.1.11 OR P.1.12 OR P.1.12.1 OR P.1.13 OR P.1.14 OR P.1.15 OR P.1.16 OR P.1.17 OR P.1.17.1,Gamma,4.71428571428571,0,0
2022-01-08,1,0,10.8,0,0,4.36357981421897e-05,0.199994569026208,P.1 OR P.1.1 OR P.1.2 OR P.1.3 OR P.1.4 OR P.1.5 OR P.1.6 OR P.1.7 OR P.1.7.1 OR P.1.8 OR P.1.9 OR P.1.10 OR P.1.10.1 OR P.1.10.2 OR P.1.11 OR P.1.12 OR P.1.12.1 OR P.1.13 OR P.1.14 OR P.1.15 OR P.1.16 OR P.1.17 OR P.1.17.1,Gamma,4.71428571428571,0,0
2022-01-10,6,0,10,0,0,4.7890433157582e-05,0.217196267509211,P.1 OR P.1.1 OR P.1.2 OR P.1.3 OR P.1.4 OR P.1.5 OR P.1.6 OR P.1.7 OR P.1.7.1 OR P.1.8 OR P.1.9 OR P.1.10 OR P.1.10.1 OR P.1.10.2 OR P.1.11 OR P.1.12 OR P.1.12.1 OR P.1.13 OR P.1.14 OR P.1.15 OR P.1.16 OR P.1.17 OR P.1.17.1,Gamma,5.07142857142857,0,0
2022-01-11,4,0,9.33333333333333,0,0,5.3064053418493e-05,0.237610098632903,P.1 OR P.1.1 OR P.1.2 OR P.1.3 OR P.1.4 OR P.1.5 OR P.1.6 OR P.1.7 OR P.1.7.1 OR P.1.8 OR P.1.9 OR P.1.10 OR P.1.10.1 OR P.1.10.2 OR P.1.11 OR P.1.12 OR P.1.12.1 OR P.1.13 OR P.1.14 OR P.1.15 OR P.1.16 OR P.1.17 OR P.1.17.1,Gamma,5.28571428571429,0,0
2022-01-12,6,0,8.16666666666667,0,0,5.94903028944023e-05,0.262217248717186,P.1 OR P.1.1 OR P.1.2 OR P.1.3 OR P.1.4 OR P.1.5 OR P.1.6 OR P.1.7 OR P.1.7.1 OR P.1.8 OR P.1.9 OR P.1.10 OR P.1.10.1 OR P.1.10.2 OR P.1.11 OR P.1.12 OR P.1.12.1 OR P.1.13 OR P.1.14 OR P.1.15 OR P.1.16 OR P.1.17 OR P.1.17.1,Gamma,5.57142857142857,0,0
2022-01-13,1,0,6.5,0,0,7.84998483662081e-05,0.33038890915155,P.1 OR P.1.1 OR P.1.2 OR P.1.3 OR P.1.4 OR P.1.5 OR P.1.6 OR P.1.7 OR P.1.7.1 OR P.1.8 OR P.1.9 OR P.1.10 OR P.1.10.1 OR P.1.10.2 OR P.1.11 OR P.1.12 OR P.1.12.1 OR P.1.13 OR P.1.14 OR P.1.15 OR P.1.16 OR P.1.17 OR P.1.17.1,Gamma,5.57142857142857,0,0
2022-01-14,1,0,3.16666666666667,0,0,0.000150636025436569,0.535583243042951,P.1 OR P.1.1 OR P.1.2 OR P.1.3 OR P.1.4 OR P.1.5 OR P.1.6 OR P.1.7 OR P.1.7.1 OR P.1.8 OR P.1.9 OR P.1.10 OR P.1.10.1 OR P.1.10.2 OR P.1.11 OR P.1.12 OR P.1.12.1 OR P.1.13 OR P.1.14 OR P.1.15 OR P.1.16 OR P.1.17 OR P.1.17.1,Gamma,5.57142857142857,0,0
2021-12-20,1,1,1,1,1,0.146746316309575,0.999614419019244,B.1.1.529 OR BA.1 OR BA.1.1 OR BA.1.1.1 OR BA.1.1.2 OR BA.1.1.3 OR BA.1.1.4 OR BA.1.1.5 OR BA.1.1.6 OR BA.1.1.7 OR BA.1.1.8 OR BA.1.1.9 OR BA.1.1.10 OR BA.1.1.11 OR BA.1.1.12 OR BA.1.1.13 OR BA.1.1.14 OR BA.1.1.15 OR BA.1.1.16 OR BA.1.1.17 OR BA.1.1.18 OR BA.1.2 OR BA.1.3 OR BA.1.4 OR BA.1.5 OR BA.1.6 OR BA.1.7 OR BA.1.8 OR BA.1.9 OR BA.1.10 OR BA.1.11 OR BA.1.12 OR BA.1.13 OR BA.1.13.1 OR BA.1.14 OR BA.1.14.1 OR BA.1.14.2 OR BA.1.15 OR BA.1.15.1 OR BA.1.15.2 OR BA.1.16 OR BA.1.16.1 OR BA.1.16.2 OR BA.1.17 OR BA.1.17.1 OR BA.1.17.2 OR BA.1.18 OR BA.1.19 OR BA.1.20 OR BA.1.21 OR BA.1.21.1 OR BA.1.22 OR BA.2 OR BA.2.1 OR BA.2.2 OR BA.2.3 OR BA.2.3.1 OR BA.2.3.2 OR BA.2.3.3 OR BA.2.3.4 OR BA.2.4 OR BA.2.5 OR BA.2.6 OR BA.2.7 OR BA.2.8 OR BA.2.9 OR BA.2.9.1 OR BA.2.9.2 OR BA.2.10 OR BA.2.10.1 OR BA.2.11 OR BA.2.12 OR BA.2.12.1 OR BA.2.13 OR BA.2.14 OR BA.2.15 OR BA.2.16 OR BA.2.17 OR BA.2.18 OR BA.2.19 OR BA.2.20 OR BA.2.21 OR BA.2.22 OR BA.2.23 OR BA.2.23.1 OR BA.2.24 OR BA.2.25 OR BA.2.25.1 OR BA.2.26 OR BA.2.27 OR BA.2.28 OR BA.2.29 OR BA.2.30 OR BA.2.31 OR BA.2.32 OR BA.2.33 OR BA.2.34 OR BA.2.35 OR BA.2.36 OR BA.2.37 OR BA.2.38 OR BA.2.39 OR BA.3 OR BA.3.1 OR BA.4 OR BA.5,Omicron,,,
2021-12-27,3,2,3,2,0.666666666666667,0.176736097131257,0.961252382214835,B.1.1.529 OR BA.1 OR BA.1.1 OR BA.1.1.1 OR BA.1.1.2 OR BA.1.1.3 OR BA.1.1.4 OR BA.1.1.5 OR BA.1.1.6 OR BA.1.1.7 OR BA.1.1.8 OR BA.1.1.9 OR BA.1.1.10 OR BA.1.1.11 OR BA.1.1.12 OR BA.1.1.13 OR BA.1.1.14 OR BA.1.1.15 OR BA.1.1.16 OR BA.1.1.17 OR BA.1.1.18 OR BA.1.2 OR BA.1.3 OR BA.1.4 OR BA.1.5 OR BA.1.6 OR BA.1.7 OR BA.1.8 OR BA.1.9 OR BA.1.10 OR BA.1.11 OR BA.1.12 OR BA.1.13 OR BA.1.13.1 OR BA.1.14 OR BA.1.14.1 OR BA.1.14.2 OR BA.1.15 OR BA.1.15.1 OR BA.1.15.2 OR BA.1.16 OR BA.1.16.1 OR BA.1.16.2 OR BA.1.17 OR BA.1.17.1 OR BA.1.17.2 OR BA.1.18 OR BA.1.19 OR BA.1.20 OR BA.1.21 OR BA.1.21.1 OR BA.1.22 OR BA.2 OR BA.2.1 OR BA.2.2 OR BA.2.3 OR BA.2.3.1 OR BA.2.3.2 OR BA.2.3.3 OR BA.2.3.4 OR BA.2.4 OR BA.2.5 OR BA.2.6 OR BA.2.7 OR BA.2.8 OR BA.2.9 OR BA.2.9.1 OR BA.2.9.2 OR BA.2.10 OR BA.2.10.1 OR BA.2.11 OR BA.2.12 OR BA.2.12.1 OR BA.2.13 OR BA.2.14 OR BA.2.15 OR BA.2.16 OR BA.2.17 OR BA.2.18 OR BA.2.19 OR BA.2.20 OR BA.2.21 OR BA.2.22 OR BA.2.23 OR BA.2.23.1 OR BA.2.24 OR BA.2.25 OR BA.2.25.1 OR BA.2.26 OR BA.2.27 OR BA.2.28 OR BA.2.29 OR BA.2.30 OR BA.2.31 OR BA.2.32 OR BA.2.33 OR BA.2.34 OR BA.2.35 OR BA.2.36 OR BA.2.37 OR BA.2.38 OR BA.2.39 OR BA.3 OR BA.3.1 OR BA.4 OR BA.5,Omicron,,,
2021-12-29,1,1,2,1.5,0.75,0.333178245598791,0.999783091529969,B.1.1.529 OR BA.1 OR BA.1.1 OR BA.1.1.1 OR BA.1.1.2 OR BA.1.1.3 OR BA.1.1.4 OR BA.1.1.5 OR BA.1.1.6 OR BA.1.1.7 OR BA.1.1.8 OR BA.1.1.9 OR BA.1.1.10 OR BA.1.1.11 OR BA.1.1.12 OR BA.1.1.13 OR BA.1.1.14 OR BA.1.1.15 OR BA.1.1.16 OR BA.1.1.17 OR BA.1.1.18 OR BA.1.2 OR BA.1.3 OR BA.1.4 OR BA.1.5 OR BA.1.6 OR BA.1.7 OR BA.1.8 OR BA.1.9 OR BA.1.10 OR BA.1.11 OR BA.1.12 OR BA.1.13 OR BA.1.13.1 OR BA.1.14 OR BA.1.14.1 OR BA.1.14.2 OR BA.1.15 OR BA.1.15.1 OR BA.1.15.2 OR BA.1.16 OR BA.1.16.1 OR BA.1.16.2 OR BA.1.17 OR BA.1.17.1 OR BA.1.17.2 OR BA.1.18 OR BA.1.19 OR BA.1.20 OR BA.1.21 OR BA.1.21.1 OR BA.1.22 OR BA.2 OR BA.2.1 OR BA.2.2 OR BA.2.3 OR BA.2.3.1 OR BA.2.3.2 OR BA.2.3.3 OR BA.2.3.4 OR BA.2.4 OR BA.2.5 OR BA.2.6 OR BA.2.7 OR BA.2.8 OR BA.2.9 OR BA.2.9.1 OR BA.2.9.2 OR BA.2.10 OR BA.2.10.1 OR BA.2.11 OR BA.2.12 OR BA.2.12.1 OR BA.2.13 OR BA.2.14 OR BA.2.15 OR BA.2.16 OR BA.2.17 OR BA.2.18 OR BA.2.19 OR BA.2.20 OR BA.2.21 OR BA.2.22 OR BA.2.23 OR BA.2.23.1 OR BA.2.24 OR BA.2.25 OR BA.2.25.1 OR BA.2.26 OR BA.2.27 OR BA.2.28 OR BA.2.29 OR BA.2.30 OR BA.2.31 OR BA.2.32 OR BA.2.33 OR BA.2.34 OR BA.2.35 OR BA.2.36 OR BA.2.37 OR BA.2.38 OR BA.2.39 OR BA.3 OR BA.3.1 OR BA.4 OR BA.5,Omicron,,,
2022-01-04,8,1,4.5,1,0.222222222222222,0.0284708950871468,0.716248320436587,B.1.1.529 OR BA.1 OR BA.1.1 OR BA.1.1.1 OR BA.1.1.2 OR BA.1.1.3 OR BA.1.1.4 OR BA.1.1.5 OR BA.1.1.6 OR BA.1.1.7 OR BA.1.1.8 OR BA.1.1.9 OR BA.1.1.10 OR BA.1.1.11 OR BA.1.1.12 OR BA.1.1.13 OR BA.1.1.14 OR BA.1.1.15 OR BA.1.1.16 OR BA.1.1.17 OR BA.1.1.18 OR BA.1.2 OR BA.1.3 OR BA.1.4 OR BA.1.5 OR BA.1.6 OR BA.1.7 OR BA.1.8 OR BA.1.9 OR BA.1.10 OR BA.1.11 OR BA.1.12 OR BA.1.13 OR BA.1.13.1 OR BA.1.14 OR BA.1.14.1 OR BA.1.14.2 OR BA.1.15 OR BA.1.15.1 OR BA.1.15.2 OR BA.1.16 OR BA.1.16.1 OR BA.1.16.2 OR BA.1.17 OR BA.1.17.1 OR BA.1.17.2 OR BA.1.18 OR BA.1.19 OR BA.1.20 OR BA.1.21 OR BA.1.21.1 OR BA.1.22 OR BA.2 OR BA.2.1 OR BA.2.2 OR BA.2.3 OR BA.2.3.1 OR BA.2.3.2 OR BA.2.3.3 OR BA.2.3.4 OR BA.2.4 OR BA.2.5 OR BA.2.6 OR BA.2.7 OR BA.2.8 OR BA.2.9 OR BA.2.9.1 OR BA.2.9.2 OR BA.2.10 OR BA.2.10.1 OR BA.2.11 OR BA.2.12 OR BA.2.12.1 OR BA.2.13 OR BA.2.14 OR BA.2.15 OR BA.2.16 OR BA.2.17 OR BA.2.18 OR BA.2.19 OR BA.2.20 OR BA.2.21 OR BA.2.22 OR BA.2.23 OR BA.2.23.1 OR BA.2.24 OR BA.2.25 OR BA.2.25.1 OR BA.2.26 OR BA.2.27 OR BA.2.28 OR BA.2.29 OR BA.2.30 OR BA.2.31 OR BA.2.32 OR BA.2.33 OR BA.2.34 OR BA.2.35 OR BA.2.36 OR BA.2.37 OR BA.2.38 OR BA.2.39 OR BA.3 OR BA.3.1 OR BA.4 OR BA.5,Omicron,,,
2022-01-05,13,1,10.5,1,0.0952380952380952,0.0110116737631611,0.381314771066616,B.1.1.529 OR BA.1 OR BA.1.1 OR BA.1.1.1 OR BA.1.1.2 OR BA.1.1.3 OR BA.1.1.4 OR BA.1.1.5 OR BA.1.1.6 OR BA.1.1.7 OR BA.1.1.8 OR BA.1.1.9 OR BA.1.1.10 OR BA.1.1.11 OR BA.1.1.12 OR BA.1.1.13 OR BA.1.1.14 OR BA.1.1.15 OR BA.1.1.16 OR BA.1.1.17 OR BA.1.1.18 OR BA.1.2 OR BA.1.3 OR BA.1.4 OR BA.1.5 OR BA.1.6 OR BA.1.7 OR BA.1.8 OR BA.1.9 OR BA.1.10 OR BA.1.11 OR BA.1.12 OR BA.1.13 OR BA.1.13.1 OR BA.1.14 OR BA.1.14.1 OR BA.1.14.2 OR BA.1.15 OR BA.1.15.1 OR BA.1.15.2 OR BA.1.16 OR BA.1.16.1 OR BA.1.16.2 OR BA.1.17 OR BA.1.17.1 OR BA.1.17.2 OR BA.1.18 OR BA.1.19 OR BA.1.20 OR BA.1.21 OR BA.1.21.1 OR BA.1.22 OR BA.2 OR BA.2.1 OR BA.2.2 OR BA.2.3 OR BA.2.3.1 OR BA.2.3.2 OR BA.2.3.3 OR BA.2.3.4 OR BA.2.4 OR BA.2.5 OR BA.2.6 OR BA.2.7 OR BA.2.8 OR BA.2.9 OR BA.2.9.1 OR BA.2.9.2 OR BA.2.10 OR BA.2.10.1 OR BA.2.11 OR BA.2.12 OR BA.2.12.1 OR BA.2.13 OR BA.2.14 OR BA.2.15 OR BA.2.16 OR BA.2.17 OR BA.2.18 OR BA.2.19 OR BA.2.20 OR BA.2.21 OR BA.2.22 OR BA.2.23 OR BA.2.23.1 OR BA.2.24 OR BA.2.25 OR BA.2.25.1 OR BA.2.26 OR BA.2.27 OR BA.2.28 OR BA.2.29 OR BA.2.30 OR BA.2.31 OR BA.2.32 OR BA.2.33 OR BA.2.34 OR BA.2.35 OR BA.2.36 OR BA.2.37 OR BA.2.38 OR BA.2.39 OR BA.3 OR BA.3.1 OR BA.4 OR BA.5,Omicron,,,
2022-01-06,11,4,10.6666666666667,2,0.1875,0.0398269430849912,0.467243791022445,B.1.1.529 OR BA.1 OR BA.1.1 OR BA.1.1.1 OR BA.1.1.2 OR BA.1.1.3 OR BA.1.1.4 OR BA.1.1.5 OR BA.1.1.6 OR BA.1.1.7 OR BA.1.1.8 OR BA.1.1.9 OR BA.1.1.10 OR BA.1.1.11 OR BA.1.1.12 OR BA.1.1.13 OR BA.1.1.14 OR BA.1.1.15 OR BA.1.1.16 OR BA.1.1.17 OR BA.1.1.18 OR BA.1.2 OR BA.1.3 OR BA.1.4 OR BA.1.5 OR BA.1.6 OR BA.1.7 OR BA.1.8 OR BA.1.9 OR BA.1.10 OR BA.1.11 OR BA.1.12 OR BA.1.13 OR BA.1.13.1 OR BA.1.14 OR BA.1.14.1 OR BA.1.14.2 OR BA.1.15 OR BA.1.15.1 OR BA.1.15.2 OR BA.1.16 OR BA.1.16.1 OR BA.1.16.2 OR BA.1.17 OR BA.1.17.1 OR BA.1.17.2 OR BA.1.18 OR BA.1.19 OR BA.1.20 OR BA.1.21 OR BA.1.21.1 OR BA.1.22 OR BA.2 OR BA.2.1 OR BA.2.2 OR BA.2.3 OR BA.2.3.1 OR BA.2.3.2 OR BA.2.3.3 OR BA.2.3.4 OR BA.2.4 OR BA.2.5 OR BA.2.6 OR BA.2.7 OR BA.2.8 OR BA.2.9 OR BA.2.9.1 OR BA.2.9.2 OR BA.2.10 OR BA.2.10.1 OR BA.2.11 OR BA.2.12 OR BA.2.12.1 OR BA.2.13 OR BA.2.14 OR BA.2.15 OR BA.2.16 OR BA.2.17 OR BA.2.18 OR BA.2.19 OR BA.2.20 OR BA.2.21 OR BA.2.22 OR BA.2.23 OR BA.2.23.1 OR BA.2.24 OR BA.2.25 OR BA.2.25.1 OR BA.2.26 OR BA.2.27 OR BA.2.28 OR BA.2.29 OR BA.2.30 OR BA.2.31 OR BA.2.32 OR BA.2.33 OR BA.2.34 OR BA.2.35 OR BA.2.36 OR BA.2.37 OR BA.2.38 OR BA.2.39 OR BA.3 OR BA.3.1 OR BA.4 OR BA.5,Omicron,,,
2022-01-07,21,7,13.25,3.25,0.245283018867925,0.0696566686396165,0.497372121975346,B.1.1.529 OR BA.1 OR BA.1.1 OR BA.1.1.1 OR BA.1.1.2 OR BA.1.1.3 OR BA.1.1.4 OR BA.1.1.5 OR BA.1.1.6 OR BA.1.1.7 OR BA.1.1.8 OR BA.1.1.9 OR BA.1.1.10 OR BA.1.1.11 OR BA.1.1.12 OR BA.1.1.13 OR BA.1.1.14 OR BA.1.1.15 OR BA.1.1.16 OR BA.1.1.17 OR BA.1.1.18 OR BA.1.2 OR BA.1.3 OR BA.1.4 OR BA.1.5 OR BA.1.6 OR BA.1.7 OR BA.1.8 OR BA.1.9 OR BA.1.10 OR BA.1.11 OR BA.1.12 OR BA.1.13 OR BA.1.13.1 OR BA.1.14 OR BA.1.14.1 OR BA.1.14.2 OR BA.1.15 OR BA.1.15.1 OR BA.1.15.2 OR BA.1.16 OR BA.1.16.1 OR BA.1.16.2 OR BA.1.17 OR BA.1.17.1 OR BA.1.17.2 OR BA.1.18 OR BA.1.19 OR BA.1.20 OR BA.1.21 OR BA.1.21.1 OR BA.1.22 OR BA.2 OR BA.2.1 OR BA.2.2 OR BA.2.3 OR BA.2.3.1 OR BA.2.3.2 OR BA.2.3.3 OR BA.2.3.4 OR BA.2.4 OR BA.2.5 OR BA.2.6 OR BA.2.7 OR BA.2.8 OR BA.2.9 OR BA.2.9.1 OR BA.2.9.2 OR BA.2.10 OR BA.2.10.1 OR BA.2.11 OR BA.2.12 OR BA.2.12.1 OR BA.2.13 OR BA.2.14 OR BA.2.15 OR BA.2.16 OR BA.2.17 OR BA.2.18 OR BA.2.19 OR BA.2.20 OR BA.2.21 OR BA.2.22 OR BA.2.23 OR BA.2.23.1 OR BA.2.24 OR BA.2.25 OR BA.2.25.1 OR BA.2.26 OR BA.2.27 OR BA.2.28 OR BA.2.29 OR BA.2.30 OR BA.2.31 OR BA.2.32 OR BA.2.33 OR BA.2.34 OR BA.2.35 OR BA.2.36 OR BA.2.37 OR BA.2.38 OR BA.2.39 OR BA.3 OR BA.3.1 OR BA.4 OR BA.5,Omicron,,,
2022-01-08,1,0,10.8,2.6,0.240740740740741,0.0834817598301942,0.565095480501786,B.1.1.529 OR BA.1 OR BA.1.1 OR BA.1.1.1 OR BA.1.1.2 OR BA.1.1.3 OR BA.1.1.4 OR BA.1.1.5 OR BA.1.1.6 OR BA.1.1.7 OR BA.1.1.8 OR BA.1.1.9 OR BA.1.1.10 OR BA.1.1.11 OR BA.1.1.12 OR BA.1.1.13 OR BA.1.1.14 OR BA.1.1.15 OR BA.1.1.16 OR BA.1.1.17 OR BA.1.1.18 OR BA.1.2 OR BA.1.3 OR BA.1.4 OR BA.1.5 OR BA.1.6 OR BA.1.7 OR BA.1.8 OR BA.1.9 OR BA.1.10 OR BA.1.11 OR BA.1.12 OR BA.1.13 OR BA.1.13.1 OR BA.1.14 OR BA.1.14.1 OR BA.1.14.2 OR BA.1.15 OR BA.1.15.1 OR BA.1.15.2 OR BA.1.16 OR BA.1.16.1 OR BA.1.16.2 OR BA.1.17 OR BA.1.17.1 OR BA.1.17.2 OR BA.1.18 OR BA.1.19 OR BA.1.20 OR BA.1.21 OR BA.1.21.1 OR BA.1.22 OR BA.2 OR BA.2.1 OR BA.2.2 OR BA.2.3 OR BA.2.3.1 OR BA.2.3.2 OR BA.2.3.3 OR BA.2.3.4 OR BA.2.4 OR BA.2.5 OR BA.2.6 OR BA.2.7 OR BA.2.8 OR BA.2.9 OR BA.2.9.1 OR BA.2.9.2 OR BA.2.10 OR BA.2.10.1 OR BA.2.11 OR BA.2.12 OR BA.2.12.1 OR BA.2.13 OR BA.2.14 OR BA.2.15 OR BA.2.16 OR BA.2.17 OR BA.2.18 OR BA.2.19 OR BA.2.20 OR BA.2.21 OR BA.2.22 OR BA.2.23 OR BA.2.23.1 OR BA.2.24 OR BA.2.25 OR BA.2.25.1 OR BA.2.26 OR BA.2.27 OR BA.2.28 OR BA.2.29 OR BA.2.30 OR BA.2.31 OR BA.2.32 OR BA.2.33 OR BA.2.34 OR BA.2.35 OR BA.2.36 OR BA.2.37 OR BA.2.38 OR BA.2.39 OR BA.3 OR BA.3.1 OR BA.4 OR BA.5,Omicron,,,
2022-01-10,6,5,10,3,0.3,0.0926945939381532,0.605818318148671,B.1.1.529 OR BA.1 OR BA.1.1 OR BA.1.1.1 OR BA.1.1.2 OR BA.1.1.3 OR BA.1.1.4 OR BA.1.1.5 OR BA.1.1.6 OR BA.1.1.7 OR BA.1.1.8 OR BA.1.1.9 OR BA.1.1.10 OR BA.1.1.11 OR BA.1.1.12 OR BA.1.1.13 OR BA.1.1.14 OR BA.1.1.15 OR BA.1.1.16 OR BA.1.1.17 OR BA.1.1.18 OR BA.1.2 OR BA.1.3 OR BA.1.4 OR BA.1.5 OR BA.1.6 OR BA.1.7 OR BA.1.8 OR BA.1.9 OR BA.1.10 OR BA.1.11 OR BA.1.12 OR BA.1.13 OR BA.1.13.1 OR BA.1.14 OR BA.1.14.1 OR BA.1.14.2 OR BA.1.15 OR BA.1.15.1 OR BA.1.15.2 OR BA.1.16 OR BA.1.16.1 OR BA.1.16.2 OR BA.1.17 OR BA.1.17.1 OR BA.1.17.2 OR BA.1.18 OR BA.1.19 OR BA.1.20 OR BA.1.21 OR BA.1.21.1 OR BA.1.22 OR BA.2 OR BA.2.1 OR BA.2.2 OR BA.2.3 OR BA.2.3.1 OR BA.2.3.2 OR BA.2.3.3 OR BA.2.3.4 OR BA.2.4 OR BA.2.5 OR BA.2.6 OR BA.2.7 OR BA.2.8 OR BA.2.9 OR BA.2.9.1 OR BA.2.9.2 OR BA.2.10 OR BA.2.10.1 OR BA.2.11 OR BA.2.12 OR BA.2.12.1 OR BA.2.13 OR BA.2.14 OR BA.2.15 OR BA.2.16 OR BA.2.17 OR BA.2.18 OR BA.2.19 OR BA.2.20 OR BA.2.21 OR BA.2.22 OR BA.2.23 OR BA.2.23.1 OR BA.2.24 OR BA.2.25 OR BA.2.25.1 OR BA.2.26 OR BA.2.27 OR BA.2.28 OR BA.2.29 OR BA.2.30 OR BA.2.31 OR BA.2.32 OR BA.2.33 OR BA.2.34 OR BA.2.35 OR BA.2.36 OR BA.2.37 OR BA.2.38 OR BA.2.39 OR BA.3 OR BA.3.1 OR BA.4 OR BA.5,Omicron,,,
2022-01-11,4,2,9.33333333333333,3.16666666666667,0.339285714285714,0.104213221660774,0.652208206527734,B.1.1.529 OR BA.1 OR BA.1.1 OR BA.1.1.1 OR BA.1.1.2 OR BA.1.1.3 OR BA.1.1.4 OR BA.1.1.5 OR BA.1.1.6 OR BA.1.1.7 OR BA.1.1.8 OR BA.1.1.9 OR BA.1.1.10 OR BA.1.1.11 OR BA.1.1.12 OR BA.1.1.13 OR BA.1.1.14 OR BA.1.1.15 OR BA.1.1.16 OR BA.1.1.17 OR BA.1.1.18 OR BA.1.2 OR BA.1.3 OR BA.1.4 OR BA.1.5 OR BA.1.6 OR BA.1.7 OR BA.1.8 OR BA.1.9 OR BA.1.10 OR BA.1.11 OR BA.1.12 OR BA.1.13 OR BA.1.13.1 OR BA.1.14 OR BA.1.14.1 OR BA.1.14.2 OR BA.1.15 OR BA.1.15.1 OR BA.1.15.2 OR BA.1.16 OR BA.1.16.1 OR BA.1.16.2 OR BA.1.17 OR BA.1.17.1 OR BA.1.17.2 OR BA.1.18 OR BA.1.19 OR BA.1.20 OR BA.1.21 OR BA.1.21.1 OR BA.1.22 OR BA.2 OR BA.2.1 OR BA.2.2 OR BA.2.3 OR BA.2.3.1 OR BA.2.3.2 OR BA.2.3.3 OR BA.2.3.4 OR BA.2.4 OR BA.2.5 OR BA.2.6 OR BA.2.7 OR BA.2.8 OR BA.2.9 OR BA.2.9.1 OR BA.2.9.2 OR BA.2.10 OR BA.2.10.1 OR BA.2.11 OR BA.2.12 OR BA.2.12.1 OR BA.2.13 OR BA.2.14 OR BA.2.15 OR BA.2.16 OR BA.2.17 OR BA.2.18 OR BA.2.19 OR BA.2.20 OR BA.2.21 OR BA.2.22 OR BA.2.23 OR BA.2.23.1 OR BA.2.24 OR BA.2.25 OR BA.2.25.1 OR BA.2.26 OR BA.2.27 OR BA.2.28 OR BA.2.29 OR BA.2.30 OR BA.2.31 OR BA.2.32 OR BA.2.33 OR BA.2.34 OR BA.2.35 OR BA.2.36 OR BA.2.37 OR BA.2.38 OR BA.2.39 OR BA.3 OR BA.3.1 OR BA.4 OR BA.5,Omicron,,,
2022-01-12,6,1,8.16666666666667,3.16666666666667,0.387755102040816,0.119039180154166,0.705176553719691,B.1.1.529 OR BA.1 OR BA.1.1 OR BA.1.1.1 OR BA.1.1.2 OR BA.1.1.3 OR BA.1.1.4 OR BA.1.1.5 OR BA.1.1.6 OR BA.1.1.7 OR BA.1.1.8 OR BA.1.1.9 OR BA.1.1.10 OR BA.1.1.11 OR BA.1.1.12 OR BA.1.1.13 OR BA.1.1.14 OR BA.1.1.15 OR BA.1.1.16 OR BA.1.1.17 OR BA.1.1.18 OR BA.1.2 OR BA.1.3 OR BA.1.4 OR BA.1.5 OR BA.1.6 OR BA.1.7 OR BA.1.8 OR BA.1.9 OR BA.1.10 OR BA.1.11 OR BA.1.12 OR BA.1.13 OR BA.1.13.1 OR BA.1.14 OR BA.1.14.1 OR BA.1.14.2 OR BA.1.15 OR BA.1.15.1 OR BA.1.15.2 OR BA.1.16 OR BA.1.16.1 OR BA.1.16.2 OR BA.1.17 OR BA.1.17.1 OR BA.1.17.2 OR BA.1.18 OR BA.1.19 OR BA.1.20 OR BA.1.21 OR BA.1.21.1 OR BA.1.22 OR BA.2 OR BA.2.1 OR BA.2.2 OR BA.2.3 OR BA.2.3.1 OR BA.2.3.2 OR BA.2.3.3 OR BA.2.3.4 OR BA.2.4 OR BA.2.5 OR BA.2.6 OR BA.2.7 OR BA.2.8 OR BA.2.9 OR BA.2.9.1 OR BA.2.9.2 OR BA.2.10 OR BA.2.10.1 OR BA.2.11 OR BA.2.12 OR BA.2.12.1 OR BA.2.13 OR BA.2.14 OR BA.2.15 OR BA.2.16 OR BA.2.17 OR BA.2.18 OR BA.2.19 OR BA.2.20 OR BA.2.21 OR BA.2.22 OR BA.2.23 OR BA.2.23.1 OR BA.2.24 OR BA.2.25 OR BA.2.25.1 OR BA.2.26 OR BA.2.27 OR BA.2.28 OR BA.2.29 OR BA.2.30 OR BA.2.31 OR BA.2.32 OR BA.2.33 OR BA.2.34 OR BA.2.35 OR BA.2.36 OR BA.2.37 OR BA.2.38 OR BA.2.39 OR BA.3 OR BA.3.1 OR BA.4 OR BA.5,Omicron,,,
2022-01-13,1,0,6.5,2.5,0.384615384615385,0.0767701400348735,0.713576990745803,B.1.1.529 OR BA.1 OR BA.1.1 OR BA.1.1.1 OR BA.1.1.2 OR BA.1.1.3 OR BA.1.1.4 OR BA.1.1.5 OR BA.1.1.6 OR BA.1.1.7 OR BA.1.1.8 OR BA.1.1.9 OR BA.1.1.10 OR BA.1.1.11 OR BA.1.1.12 OR BA.1.1.13 OR BA.1.1.14 OR BA.1.1.15 OR BA.1.1.16 OR BA.1.1.17 OR BA.1.1.18 OR BA.1.2 OR BA.1.3 OR BA.1.4 OR BA.1.5 OR BA.1.6 OR BA.1.7 OR BA.1.8 OR BA.1.9 OR BA.1.10 OR BA.1.11 OR BA.1.12 OR BA.1.13 OR BA.1.13.1 OR BA.1.14 OR BA.1.14.1 OR BA.1.14.2 OR BA.1.15 OR BA.1.15.1 OR BA.1.15.2 OR BA.1.16 OR BA.1.16.1 OR BA.1.16.2 OR BA.1.17 OR BA.1.17.1 OR BA.1.17.2 OR BA.1.18 OR BA.1.19 OR BA.1.20 OR BA.1.21 OR BA.1.21.1 OR BA.1.22 OR BA.2 OR BA.2.1 OR BA.2.2 OR BA.2.3 OR BA.2.3.1 OR BA.2.3.2 OR BA.2.3.3 OR BA.2.3.4 OR BA.2.4 OR BA.2.5 OR BA.2.6 OR BA.2.7 OR BA.2.8 OR BA.2.9 OR BA.2.9.1 OR BA.2.9.2 OR BA.2.10 OR BA.2.10.1 OR BA.2.11 OR BA.2.12 OR BA.2.12.1 OR BA.2.13 OR BA.2.14 OR BA.2.15 OR BA.2.16 OR BA.2.17 OR BA.2.18 OR BA.2.19 OR BA.2.20 OR BA.2.21 OR BA.2.22 OR BA.2.23 OR BA.2.23.1 OR BA.2.24 OR BA.2.25 OR BA.2.25.1 OR BA.2.26 OR BA.2.27 OR BA.2.28 OR BA.2.29 OR BA.2.30 OR BA.2.31 OR BA.2.32 OR BA.2.33 OR BA.2.34 OR BA.2.35 OR BA.2.36 OR BA.2.37 OR BA.2.38 OR BA.2.39 OR BA.3 OR BA.3.1 OR BA.4 OR BA.5,Omicron,,,
2022-01-14,1,0,3.16666666666667,1.33333333333333,0.421052631578947,0.0387476177851652,0.823263902868743,B.1.1.529 OR BA.1 OR BA.1.1 OR BA.1.1.1 OR BA.1.1.2 OR BA.1.1.3 OR BA.1.1.4 OR BA.1.1.5 OR BA.1.1.6 OR BA.1.1.7 OR BA.1.1.8 OR BA.1.1.9 OR BA.1.1.10 OR BA.1.1.11 OR BA.1.1.12 OR BA.1.1.13 OR BA.1.1.14 OR BA.1.1.15 OR BA.1.1.16 OR BA.1.1.17 OR BA.1.1.18 OR BA.1.2 OR BA.1.3 OR BA.1.4 OR BA.1.5 OR BA.1.6 OR BA.1.7 OR BA.1.8 OR BA.1.9 OR BA.1.10 OR BA.1.11 OR BA.1.12 OR BA.1.13 OR BA.1.13.1 OR BA.1.14 OR BA.1.14.1 OR BA.1.14.2 OR BA.1.15 OR BA.1.15.1 OR BA.1.15.2 OR BA.1.16 OR BA.1.16.1 OR BA.1.16.2 OR BA.1.17 OR BA.1.17.1 OR BA.1.17.2 OR BA.1.18 OR BA.1.19 OR BA.1.20 OR BA.1.21 OR BA.1.21.1 OR BA.1.22 OR BA.2 OR BA.2.1 OR BA.2.2 OR BA.2.3 OR BA.2.3.1 OR BA.2.3.2 OR BA.2.3.3 OR BA.2.3.4 OR BA.2.4 OR BA.2.5 OR BA.2.6 OR BA.2.7 OR BA.2.8 OR BA.2.9 OR BA.2.9.1 OR BA.2.9.2 OR BA.2.10 OR BA.2.10.1 OR BA.2.11 OR BA.2.12 OR BA.2.12.1 OR BA.2.13 OR BA.2.14 OR BA.2.15 OR BA.2.16 OR BA.2.17 OR BA.2.18 OR BA.2.19 OR BA.2.20 OR BA.2.21 OR BA.2.22 OR BA.2.23 OR BA.2.23.1 OR BA.2.24 OR BA.2.25 OR BA.2.25.1 OR BA.2.26 OR BA.2.27 OR BA.2.28 OR BA.2.29 OR BA.2.30 OR BA.2.31 OR BA.2.32 OR BA.2.33 OR BA.2.34 OR BA.2.35 OR BA.2.36 OR BA.2.37 OR BA.2.38 OR BA.2.39 OR BA.3 OR BA.3.1 OR BA.4 OR BA.5,Omicron,,,
